[
  {
    "author": "穿黄衣的阿肥",
    "bookUrl": "https://m.dstiejuan.com/book/33898.html",
    "canUpdate": true,
    "coverUrl": "http://img.9txs.com/33898/691999.jpg",
    "durChapterIndex": 1355,
    "durChapterPos": 2459,
    "durChapterTime": 1618661958354,
    "durChapterTitle": "第1339章 特殊",
    "group": 0,
    "intro": "重生为细胞，携狱典之力，来到旧神注视下的平行世界。 蒸汽文明、命运点数、惊悚空间、异魔鬼怪、旧神信徒…… 他将以狱长之名，踏上征战旧神的旅途。 阿肥回归正途后的全新科幻惊悚力作，质量保证。 本书又名《从头开始》-【开局一颗头，身体全靠捡】",
    "kind": "科幻未来,连载中",
    "lastCheckCount": 0,
    "lastCheckTime": 1618450179097,
    "latestChapterTime": 1618660374279,
    "latestChapterTitle": "第1486章 出发",
    "name": "我的细胞监狱",
    "order": 1,
    "origin": "https://m.dstiejuan.com",
    "originName": "🌸 丹书铁卷",
    "originOrder": -130947,
    "readConfig": {
      "delParagraph": 0,
      "delTag": 0,
      "imageStyle": "0",
      "pageAnim": 2,
      "reSegment": false,
      "useReplaceRule": true
    },
    "tocUrl": "https://www.dstiejuan.com/book/33898/",
    "totalChapterNum": 1505,
    "type": 0,
    "wordCount": "320 万字"
  },
  {
    "author": "卖报小郎君",
    "bookUrl": "https://m.gebiqu.com/biquge_207420/",
    "canUpdate": true,
    "coverUrl": "https://image.gebiqu.com/207/207420/207420s.jpg",
    "durChapterIndex": 849,
    "durChapterPos": 0,
    "durChapterTime": 1618660402442,
    "durChapterTitle": "无题",
    "group": 0,
    "intro": "　　这个世界，有儒；有道；有佛；有妖；有术士。\n　　警校毕业的许七安幽幽醒来，发现自己身处牢狱之中，三日后流放边陲.....\n　　他起初的目的只是自保，顺便在这个没有人权的社会里当个富家翁悠闲度日。\n　　......\n　　多年后，许七安回首前尘，身后是早已逝去的敌人和朋友，以及累累白骨。\n　　滚滚长江东逝水，浪花淘尽英雄，是非成败转头空。\n　　青山依旧在，几度夕阳红。\n　　PS：本书不悲剧！",
    "kind": "连载 ",
    "lastCheckCount": 0,
    "lastCheckTime": 1618450815104,
    "latestChapterTime": 1618650292734,
    "latestChapterTitle": "无题",
    "name": "大奉打更人",
    "order": 2,
    "origin": "https://m.gebiqu.com",
    "originName": "🌸 笔趣阁1",
    "originOrder": -130924,
    "readConfig": {
      "delParagraph": 0,
      "delTag": 0,
      "imageStyle": "full",
      "pageAnim": -1,
      "reSegment": false,
      "useReplaceRule": true
    },
    "tocUrl": "https://m.gebiqu.com/biquge_207420/",
    "totalChapterNum": 850,
    "type": 0,
    "wordCount": ""
  },
  {
    "author": "真费事",
    "bookUrl": "https://infosxs.pigqq.com/BookFiles/Html/466/465277/index.html",
    "canUpdate": true,
    "coverUrl": "https://imgapi.jiaston.com/BookFiles/Bookimages/lankeqiyuan.jpg",
    "durChapterIndex": 1,
    "durChapterPos": 1162,
    "durChapterTime": 1618650296230,
    "durChapterTitle": "第2章 精神摧残",
    "group": 0,
    "intro": "烂柯旁棋局落叶，老树间对弈无人\n　　兴所致天元一子，再回首山海苍茫\n　　……\n　　一觉醒来，计缘成了一个破旧山神庙中的半瞎乞丐。\n　　实力不够嘴炮来凑，真人一柄剑，神棍一张嘴，就是计缘在这个可怕的世界安身立足的根本。",
    "kind": "武侠仙侠,完成",
    "lastCheckCount": 0,
    "lastCheckTime": 1618466543759,
    "latestChapterTime": 1618466544506,
    "latestChapterTitle": "魔高一尺道高一丈 二",
    "name": "烂柯棋缘",
    "order": 3,
    "origin": "https://xs.pigqq.com",
    "originName": "🌸 笔趣阁APP",
    "originOrder": -130886,
    "readConfig": {
      "delParagraph": 0,
      "delTag": 0,
      "imageStyle": "FULL",
      "pageAnim": -1,
      "reSegment": false,
      "useReplaceRule": true
    },
    "tocUrl": "https://infosxs.pigqq.com/BookFiles/Html/466/465277/index.html",
    "totalChapterNum": 1041,
    "type": 0,
    "variable": "{\n  \"bid\": \"465277\",\n  \"sid\": \"466\"\n}",
    "wordCount": ""
  },
  {
    "author": "言归正传",
    "bookUrl": "https://app1.youzibank.com/book/chapter/listAll?userId=376679&bookId=1154394",
    "canUpdate": true,
    "coverUrl": "https://book.chengxinqinye.com/book%2F126%2F8bb7c15cc920770b24f36a9e10f7ea61.jpg",
    "durChapterIndex": 0,
    "durChapterPos": 0,
    "durChapterTime": 1618554322748,
    "durChapterTitle": "第一章 小小灵娥",
    "group": 0,
    "intro": "",
    "kind": "仙侠 - 奇幻修真",
    "lastCheckCount": 0,
    "lastCheckTime": 1618554269178,
    "latestChapterTime": 1618554271643,
    "latestChapterTitle": "师兄漫画即将上线",
    "name": "我师兄实在太稳健了",
    "order": 4,
    "origin": "https://app1.youzibank.com",
    "originName": "🍺 有兔",
    "originOrder": -130133,
    "readConfig": {
      "delParagraph": 0,
      "delTag": 0,
      "imageStyle": "DEFAULT",
      "pageAnim": -1,
      "reSegment": false,
      "useReplaceRule": true
    },
    "tocUrl": "https://app1.youzibank.com/book/chapter/listAll?userId=376679&bookId=1154394",
    "totalChapterNum": 791,
    "type": 0,
    "wordCount": ""
  },
  {
    "author": "净无痕",
    "bookUrl": "https://www.shuchong.info/book/103965.html",
    "canUpdate": true,
    "coverUrl": "https://www.shuchong.info/static/upload/20781.103965.jpg",
    "durChapterIndex": 0,
    "durChapterPos": 0,
    "durChapterTime": 1618650173710,
    "durChapterTitle": "第一章 此间少年（修）",
    "group": 0,
    "intro": "东方神州，有人皇立道统，有圣贤宗门传道，有诸侯雄踞一方王国，诸强林立，神州动乱千万载，执此之时，一代天骄叶青帝及东凰大帝横空出世，斩人皇，驭圣贤，诸侯臣服，东方神州一统！ 然，叶青帝忽然暴毙，世间雕像尽皆被毁，于世间除名，沦为禁忌；从此神州唯东凰大帝独尊！ 十五年后，东海青州城，一名为叶伏天的少年，开启了他的传奇之路…",
    "kind": "东方玄幻,连载中,已有 156329 人读过此书",
    "lastCheckCount": 0,
    "lastCheckTime": 1618649948304,
    "latestChapterTime": 1618649952355,
    "latestChapterTitle": "第2493章 不能破境？",
    "name": "伏天氏",
    "order": 6,
    "origin": "https://www.shuchong.info",
    "originName": "📡 书虫中文",
    "originOrder": -131062,
    "readConfig": {
      "delParagraph": 0,
      "delTag": 0,
      "imageStyle": "0",
      "pageAnim": -1,
      "reSegment": false,
      "useReplaceRule": true
    },
    "tocUrl": "https://www.shuchong.info/list/103965/1/0/",
    "totalChapterNum": 912,
    "type": 0,
    "wordCount": "字数：7289545"
  },
  {
    "author": "乱",
    "bookUrl": "https://www.shuchong.info/book/35435.html",
    "canUpdate": true,
    "coverUrl": "https://www.shuchong.info/static/upload/7075.35435.jpg",
    "durChapterIndex": 0,
    "durChapterPos": 0,
    "durChapterTime": 1618650277911,
    "durChapterTitle": "第1章 世界大变",
    "group": 0,
    "intro": "一觉醒来，世界大变。 熟悉的高中传授的是魔法，告诉大家要成为一名出色的魔法师。 居住的都市之外游荡着袭击人类的魔物妖兽，虎视眈眈。 崇尚科学的世界变成了崇尚魔法，偏偏有着一样以学渣看待自己的老师，一样目光异样的同学，一样社会底层挣扎的爸爸，一样纯美却不能走路的非血缘妹妹…… 不过，莫凡发现绝大多数人都只能够主修一系魔法，自己却是全系全能法师！",
    "kind": "异世大陆,连载中,已有 125241 人读过此书",
    "lastCheckCount": 0,
    "lastCheckTime": 1618650242917,
    "latestChapterTime": 1618650248019,
    "latestChapterTitle": "第3101章 人间，惹不起了",
    "name": "全职法师",
    "order": 7,
    "origin": "https://www.shuchong.info",
    "originName": "📡 书虫中文",
    "originOrder": -131062,
    "readConfig": {
      "delParagraph": 0,
      "delTag": 0,
      "imageStyle": "0",
      "pageAnim": -1,
      "reSegment": false,
      "useReplaceRule": true
    },
    "tocUrl": "https://www.shuchong.info/list/35435/1/0/",
    "totalChapterNum": 912,
    "type": 0,
    "wordCount": "字数：7119475"
  }
]