[
  {
    "lastUseTime": 1618449143202,
    "usage": 8,
    "word": "我的细胞监狱"
  },
  {
    "lastUseTime": 1618450697322,
    "usage": 2,
    "word": "大奉打更人"
  },
  {
    "lastUseTime": 1618466203685,
    "usage": 2,
    "word": "烂柯棋缘"
  },
  {
    "lastUseTime": 1618466683633,
    "usage": 2,
    "word": "从零开始的异世界"
  },
  {
    "lastUseTime": 1618492774261,
    "usage": 1,
    "word": "六"
  },
  {
    "lastUseTime": 1618554174292,
    "usage": 2,
    "word": "我的师兄太稳健"
  },
  {
    "lastUseTime": 1618554208678,
    "usage": 1,
    "word": "我的师兄太"
  },
  {
    "lastUseTime": 1618554212259,
    "usage": 1,
    "word": "我的师兄"
  },
  {
    "lastUseTime": 1618649798486,
    "usage": 3,
    "word": "伏天氏"
  },
  {
    "lastUseTime": 1618650186450,
    "usage": 1,
    "word": "杀神"
  },
  {
    "lastUseTime": 1618650234701,
    "usage": 1,
    "word": "全职法师"
  }
]