[{"author":"晓枣","coverUrl":"https://img.mhxin.com/images/cover/202002/1582879277C4-ynmYzfxVHYvid.jpg","introduce":"","kind":"少年漫画,热血","lastChapter":"8-15","name":"为美好的世界献上祝福","noteUrl":"https://m.mhxin.com/manhua/weimeihaodeshijiexianshangzhufu/","origin":"漫画芯📱🍙","searchPage":"https://m.mhxin.com/search/?keywords=%E4%B8%BA%E7%BE%8E%E5%A5%BD%E7%9A%84%E4%B8%96%E7%95%8C&page=1","tag":"https://m.mhxin.com","upTime":1618820155330},{"author":"","coverUrl":"http://img.skrmn.com/upload2/24967/2019/08-02/20190802171936_7109gtudttrr_small.jpg","introduce":"","kind":"","lastChapter":"全款已付，拎包入住","name":"咱门派是炼丹的","noteUrl":"http://m.99wushu.com/lanmu/zanmenpaishiliandande/","origin":"久久五叔漫画📱⛅","searchPage":"http://m.99wushu.com/statics/search.aspx?key=%E5%92%B1%E9%97%A8%E6%B4%BE%E6%98%AF%E7%82%BC%E4%B8%B9%E7%9A%84&page=1","tag":"http://m.99wushu.com","upTime":1618819615988,"variable":"{\"CoverHeader\":\"{\\\"Referer\\\":\\\"http://m.99wushu.com\\\"}\"}"},{"author":"","coverUrl":"http://517mh.kknno.com/atta/covers/2020022418/1582540148344778.jpg","introduce":"","kind":"","lastChapter":"不愧是你","name":"咱门派是炼丹的","noteUrl":"http://m.517mh.net/comic/15523/","origin":"517漫画📱💡","searchPage":"http://m.517mh.net/manhua/qita/","tag":"http://m.517mh.net","upTime":1618819566501},{"author":"动漫堂","coverUrl":"https://res8.wuxiamh.com/images/cover/202004/1586970181Qte8HOHY-YRIitK5.jpg","introduce":"","kind":",玄幻,爆笑,格斗","lastChapter":"522","name":"一人之下","noteUrl":"https://m.wuxiamh.com/manhua/yirenzhixia/","origin":"武侠漫画📱","searchPage":"https://m.wuxiamh.com/search/?keywords=%E4%B8%80%E4%BA%BA%E4%B9%8B%E4%B8%8B&page=1","tag":"https://m.wuxiamh.com","upTime":1618793729116},{"author":"","coverUrl":"http://517mh.kknno.com/atta/covers/2021021720/1613564839898250.jpg","introduce":"","kind":"","lastChapter":"第203话 那又关你什么事？","name":"修仙归来在校园","noteUrl":"http://m.517mh.net/comic/14810/","origin":"517漫画📱💡","searchPage":"http://m.517mh.net/rec.html","tag":"http://m.517mh.net","upTime":1618793641862}]