[
  {
    "bookName": "我在魔法世界开创互联网时代",
    "deviceId": "",
    "readTime": 359332
  },
  {
    "bookName": "长生界",
    "deviceId": "",
    "readTime": 31795
  },
  {
    "bookName": "道君",
    "deviceId": "",
    "readTime": 556630
  },
  {
    "bookName": "修真四万年",
    "deviceId": "",
    "readTime": 2226104
  },
  {
    "bookName": "龙族",
    "deviceId": "",
    "readTime": 223346
  },
  {
    "bookName": "性奴训练学园",
    "deviceId": "",
    "readTime": 572420
  },
  {
    "bookName": "勾引被操（校园H）",
    "deviceId": "",
    "readTime": 106469
  },
  {
    "bookName": "催眠系小说",
    "deviceId": "",
    "readTime": 800662
  },
  {
    "bookName": "星戒",
    "deviceId": "",
    "readTime": 6086847
  },
  {
    "bookName": "大奉打更人",
    "deviceId": "",
    "readTime": 556433
  },
  {
    "bookName": "这个人仙太过正经",
    "deviceId": "",
    "readTime": 560899
  },
  {
    "bookName": "我真的不是气运之子",
    "deviceId": "",
    "readTime": 47879
  },
  {
    "bookName": "我在盘丝洞养蜘蛛",
    "deviceId": "",
    "readTime": 1751927
  }
]