[
  {
    "groupId": -1,
    "groupName": "全部",
    "order": -10,
    "show": false
  },
  {
    "groupId": -2,
    "groupName": "本地",
    "order": -9,
    "show": false
  },
  {
    "groupId": -3,
    "groupName": "音频",
    "order": -8,
    "show": false
  },
  {
    "groupId": -4,
    "groupName": "正在看",
    "order": -7,
    "show": true
  },
  {
    "groupId": 1,
    "groupName": "看完",
    "order": 1,
    "show": true
  },
  {
    "groupId": 2,
    "groupName": "其他",
    "order": 2,
    "show": true
  }
]