[
  {
    "id": 1618659255688,
    "name": " 糖糖",
    "url": "http://dev.hivoice.cn/TTSServlet,{ \"method\":\"GET\", \"body\":\"text=hello&voiceName=tangtang&voicePitch=50&voiceSpeed=50&voiceVolume=100&bright=50\" }"
  },
  {
    "id": -100,
    "name": "0",
    "url": "http://tts.baidu.com/text2audio,{\n    \"method\": \"POST\",\n    \"body\": \"tex={{java.encodeURI(java.encodeURI(speakText))}}&spd={{(speakSpeed + 5) / 10 + 4}}&per=4127&cuid=baidu_speech_demo&idx=1&cod=2&lan=zh&ctp=1&pdt=11&vol=5&aue=6&pit=3&_res_tag_=audio\"\n}"
  },
  {
    "id": -99,
    "name": "zaixianai.cn",
    "url": "<js>\nlet url='https://www.zaixianai.cn/voiceCompose';\n\nlet ua=\"Mozilla/5.0 (Windows NT 10.0; Win64; x64) AppleWebKit/537.36 (KHTML, like Gecko) Chrome/86.0.4240.198 Safari/537.36\";\n\nlet doc=java.get(url,{\"User-Agent\":ua});\nlet cookie=String(doc.header(\"set-cookie\")).match(/laravel_session=[^\\n]+/)[0];\nlet token=String(doc.body()).match(/token=\"([^\"]+)/)[1];\n\nurl='https://www.zaixianai.cn/Api_getVoice,'+JSON.stringify({\n\"method\": \"POST\",\n\"body\": \"content=\" + java.encodeURI(speakText) + \"&volume=50&speech_rate=0&voice=Aixia&_token=\"+token,\n\"headers\": {\n\"User-Agent\": ua,\n\"cookie\": cookie\n}\n});\n\nlet res=java.ajax(url);\n\n'https://www.zaixianai.cn/voice/'+JSON.parse(res).data.file_name+','+JSON.stringify({\n\"headers\": {\n\"User-Agent\": ua,\n\"accept\": \"*/*\",\n\"referer\": \"https://www.zaixianai.cn/voiceCompose\",\n\"cookie\": cookie,\n\"accept-encoding\": \"identity;q=1, *;q=0\"\n}\n})\n</js>"
  },
  {
    "id": -98,
    "name": "台湾女声",
    "url": "http://tts.baidu.com/text2audio,{\n    \"method\": \"POST\",\n    \"body\": \"tex={{java.encodeURI(java.encodeURI(speakText))}}&spd={{(speakSpeed + 5) / 10 + 4}}&per=4007&cuid=baidu_speech_demo&idx=1&cod=2&lan=zh&ctp=1&pdt=160&vol=5&aue=6&pit=5&_res_tag_=audio\"\n}"
  },
  {
    "id": -1,
    "name": "度丫丫",
    "url": "http://tts.baidu.com/text2audio,{\n    \"method\": \"POST\",\n    \"body\": \"tex={{java.encodeURI(java.encodeURI(speakText))}}&spd={{(speakSpeed + 5) / 10 + 4}}&per=4&cuid=baidu_speech_demo&idx=1&cod=2&lan=zh&ctp=1&pdt=301&vol=5&pit=5&_res_tag_=audio\"\n}"
  },
  {
    "id": -2,
    "name": "度博文①",
    "url": "http://tts.baidu.com/text2audio,{\n    \"method\": \"POST\",\n    \"body\": \"tex={{java.encodeURI(java.encodeURI(speakText))}}&spd={{(speakSpeed + 5) / 10 + 4}}&per=106&cuid=baidu_speech_demo&idx=1&cod=2&lan=zh&ctp=1&pdt=301&vol=5&pit=5&_res_tag_=audio\"\n}"
  },
  {
    "id": -3,
    "name": "度博文②",
    "url": "http://tts.baidu.com/text2audio,{\n    \"method\": \"POST\",\n    \"body\": \"tex={{java.encodeURI(java.encodeURI(speakText))}}&spd={{(speakSpeed + 5) / 10 + 4}}&per=4106&cuid=baidu_speech_demo&idx=1&cod=2&lan=zh&ctp=1&pdt=301&vol=5&pit=5&_res_tag_=audio\"\n}"
  },
  {
    "id": -4,
    "name": "度博文③",
    "url": "http://tts.baidu.com/text2audio,{\n    \"method\": \"POST\",\n    \"body\": \"tex={{java.encodeURI(java.encodeURI(speakText))}}&spd={{(speakSpeed + 5) / 10 + 4}}&per=5106&cuid=baidu_speech_demo&idx=1&cod=2&lan=zh&ctp=1&pdt=301&vol=5&pit=5&_res_tag_=audio\"\n}"
  },
  {
    "id": -97,
    "name": "度小乔",
    "url": "http://tts.baidu.com/text2audio,{\n    \"method\": \"POST\",\n    \"body\": \"tex={{java.encodeURI(java.encodeURI(speakText))}}&spd={{(speakSpeed + 5) / 10 + 4}}&per=1117&cuid=baidu_speech_demo&idx=1&cod=2&lan=zh&ctp=1&pdt=160=&vol=5&aue=6&pit=3&_res_tag_=audio\"\n}"
  },
  {
    "id": -5,
    "name": "度小娇",
    "url": "http://tts.baidu.com/text2audio,{\n    \"method\": \"POST\",\n    \"body\": \"tex={{java.encodeURI(java.encodeURI(speakText))}}&spd={{(speakSpeed + 5) / 10 + 4}}&per=5&cuid=baidu_speech_demo&idx=1&cod=2&lan=zh&ctp=1&pdt=301&vol=5&pit=5&_res_tag_=audio\"\n}"
  },
  {
    "id": -6,
    "name": "度小宇",
    "url": "http://tts.baidu.com/text2audio,{\n    \"method\": \"POST\",\n    \"body\": \"tex={{java.encodeURI(java.encodeURI(speakText))}}&spd={{(speakSpeed + 5) / 10 + 4}}&per=1&cuid=baidu_speech_demo&idx=1&cod=2&lan=zh&ctp=1&pdt=301&vol=5&pit=5&_res_tag_=audio\"\n}"
  },
  {
    "id": -96,
    "name": "度小童",
    "url": "http://tsn.baidu.com/text2audio,{\n    \"method\": \"POST\",\n    \"body\": \"tex={{java.encodeURI(java.encodeURI(speakText))}}&spd={{(speakSpeed + 5) / 10 + 4}}&per=110&cuid=baidu_speech_demo&idx=1&cod=2&lan=zh&ctp=1&pdt=160&vol=5&aue=6&pit=5&_res_tag_=audio\"\n}"
  },
  {
    "id": -7,
    "name": "度小童",
    "url": "http://tts.baidu.com/text2audio,{\n    \"method\": \"POST\",\n    \"body\": \"tex={{java.encodeURI(java.encodeURI(speakText))}}&spd={{(speakSpeed + 5) / 10 + 4}}&per=110&cuid=baidu_speech_demo&idx=1&cod=2&lan=zh&ctp=1&pdt=301&vol=5&pit=5&_res_tag_=audio\"\n}"
  },
  {
    "id": -95,
    "name": "度小粤",
    "url": "http://tts.baidu.com/text2audio,{\n    \"method\": \"POST\",\n    \"body\": \"tex={{java.encodeURI(java.encodeURI(speakText))}}&spd={{(speakSpeed + 5) / 10 + 4}}&per=0&cuid=baidu_speech_demo&idx=1&cod=2&lan=cte&ctp=1&pdt=160&vol=5&aue=6&pit=5&_res_tag_=audio\"\n}"
  },
  {
    "id": -8,
    "name": "度小美",
    "url": "http://tts.baidu.com/text2audio,{\n    \"method\": \"POST\",\n    \"body\": \"tex={{java.encodeURI(java.encodeURI(speakText))}}&spd={{(speakSpeed + 5) / 10 + 4}}&per=0&cuid=baidu_speech_demo&idx=1&cod=2&lan=zh&ctp=1&pdt=301&vol=5&pit=5&_res_tag_=audio\"\n}"
  },
  {
    "id": -94,
    "name": "度小芳",
    "url": "http://tts.baidu.com/text2audio,{\n    \"method\": \"POST\",\n    \"body\": \"tex={{java.encodeURI(java.encodeURI(speakText))}}&spd={{(speakSpeed + 5) / 10 + 4}}&per=4125&cuid=baidu_speech_demo&idx=1&cod=2&lan=zh&ctp=1&pdt=160&vol=5&aue=6&pit=5&_res_tag_=audio\"\n}"
  },
  {
    "id": -9,
    "name": "度小萌",
    "url": "http://tts.baidu.com/text2audio,{\n    \"method\": \"POST\",\n    \"body\": \"tex={{java.encodeURI(java.encodeURI(speakText))}}&spd={{(speakSpeed + 5) / 10 + 4}}&per=111&cuid=baidu_speech_demo&idx=1&cod=2&lan=zh&ctp=1&pdt=301&vol=5&pit=5&_res_tag_=audio\"\n}"
  },
  {
    "id": -93,
    "name": "度小贤",
    "url": "http://tts.baidu.com/text2audio,{\n    \"method\": \"POST\",\n    \"body\": \"tex={{java.encodeURI(java.encodeURI(speakText))}}&spd={{(speakSpeed + 5) / 10 + 4}}&per=4115&cuid=baidu_speech_demo&idx=1&cod=2&lan=zh&ctp=1&pdt=160=&vol=5&aue=6&pit=5&_res_tag_=audio\"}"
  },
  {
    "id": -92,
    "name": "度小雯",
    "url": "http://tts.baidu.com/text2audio,{\n    \"method\": \"POST\",\n    \"body\": \"tex={{java.encodeURI(java.encodeURI(speakText))}}&spd={{(speakSpeed + 5) / 10 + 4}}&per=5100&cuid=baidu_speech_demo&idx=1&cod=2&lan=zh&ctp=1&pdt=160=&vol=5&aue=6&pit=5&_res_tag_=audio\"\n}"
  },
  {
    "id": -10,
    "name": "度小鹿①",
    "url": "http://tts.baidu.com/text2audio,{\n    \"method\": \"POST\",\n    \"body\": \"tex={{java.encodeURI(java.encodeURI(speakText))}}&spd={{(speakSpeed + 5) / 10 + 4}}&per=4118&cuid=baidu_speech_demo&idx=1&cod=2&lan=zh&ctp=1&pdt=301&vol=5&pit=5&_res_tag_=audio\"\n}"
  },
  {
    "id": -11,
    "name": "度小鹿②",
    "url": "http://tts.baidu.com/text2audio,{\n    \"method\": \"POST\",\n    \"body\": \"tex={{java.encodeURI(java.encodeURI(speakText))}}&spd={{(speakSpeed + 5) / 10 + 4}}&per=5118&cuid=baidu_speech_demo&idx=1&cod=2&lan=zh&ctp=1&pdt=301&vol=5&pit=5&_res_tag_=audio\"\n}"
  },
  {
    "id": -12,
    "name": "度小鹿③",
    "url": "http://tts.baidu.com/text2audio,{\n    \"method\": \"POST\",\n    \"body\": \"tex={{java.encodeURI(java.encodeURI(speakText))}}&spd={{(speakSpeed + 5) / 10 + 4}}&per=4119&cuid=baidu_speech_demo&idx=1&cod=2&lan=zh&ctp=1&pdt=301&vol=5&pit=5&_res_tag_=audio\"\n}"
  },
  {
    "id": -91,
    "name": "度灵儿",
    "url": "http://tts.baidu.com/text2audio,{\n    \"method\": \"POST\",\n    \"body\": \"tex={{java.encodeURI(java.encodeURI(speakText))}}&spd={{(speakSpeed + 5) / 10 + 4}}&per=5105&cuid=baidu_speech_demo&idx=1&cod=2&lan=zh&ctp=1&pdt=160=&vol=5&aue=6&pit=5&_res_tag_=audio\"\n}"
  },
  {
    "id": -13,
    "name": "度米朵①",
    "url": "http://tts.baidu.com/text2audio,{\n    \"method\": \"POST\",\n    \"body\": \"tex={{java.encodeURI(java.encodeURI(speakText))}}&spd={{(speakSpeed + 5) / 10 + 4}}&per=103&cuid=baidu_speech_demo&idx=1&cod=2&lan=zh&ctp=1&pdt=301&vol=5&pit=5&_res_tag_=audio\"\n}"
  },
  {
    "id": -14,
    "name": "度米朵②",
    "url": "http://tts.baidu.com/text2audio,{\n    \"method\": \"POST\",\n    \"body\": \"tex={{java.encodeURI(java.encodeURI(speakText))}}&spd={{(speakSpeed + 5) / 10 + 4}}&per=4103&cuid=baidu_speech_demo&idx=1&cod=2&lan=zh&ctp=1&pdt=301&vol=5&pit=5&_res_tag_=audio\"\n}"
  },
  {
    "id": -15,
    "name": "度逍遥-基础",
    "url": "http://tts.baidu.com/text2audio,{\n    \"method\": \"POST\",\n    \"body\": \"tex={{java.encodeURI(java.encodeURI(speakText))}}&spd={{(speakSpeed + 5) / 10 + 4}}&per=3&cuid=baidu_speech_demo&idx=1&cod=2&lan=zh&ctp=1&pdt=301&vol=5&pit=5&_res_tag_=audio\"\n}"
  },
  {
    "id": -16,
    "name": "度逍遥-精品①",
    "url": "http://tts.baidu.com/text2audio,{\n    \"method\": \"POST\",\n    \"body\": \"tex={{java.encodeURI(java.encodeURI(speakText))}}&spd={{(speakSpeed + 5) / 10 + 4}}&per=4003&cuid=baidu_speech_demo&idx=1&cod=2&lan=zh&ctp=1&pdt=301&vol=5&pit=5&_res_tag_=audio\"\n}"
  },
  {
    "id": -17,
    "name": "度逍遥-精品②",
    "url": "http://tts.baidu.com/text2audio,{\n    \"method\": \"POST\",\n    \"body\": \"tex={{java.encodeURI(java.encodeURI(speakText))}}&spd={{(speakSpeed + 5) / 10 + 4}}&per=5003&cuid=baidu_speech_demo&idx=1&cod=2&lan=zh&ctp=1&pdt=301&vol=5&pit=5&_res_tag_=audio\"\n}"
  },
  {
    "id": -18,
    "name": "情感女声",
    "url": "http://tts.baidu.com/text2audio,{\n    \"method\": \"POST\",\n    \"body\": \"tex={{java.encodeURI(java.encodeURI(speakText))}}&spd={{(speakSpeed + 5) / 10 + 4}}&per=4105&cuid=baidu_speech_demo&idx=1&cod=2&lan=zh&ctp=1&pdt=301&vol=5&pit=5&_res_tag_=audio\"\n}"
  },
  {
    "id": -19,
    "name": "情感男声",
    "url": "http://tts.baidu.com/text2audio,{\n    \"method\": \"POST\",\n    \"body\": \"tex={{java.encodeURI(java.encodeURI(speakText))}}&spd={{(speakSpeed + 5) / 10 + 4}}&per=4115&cuid=baidu_speech_demo&idx=1&cod=2&lan=zh&ctp=1&pdt=301&vol=5&pit=5&_res_tag_=audio\"\n}"
  },
  {
    "id": -20,
    "name": "标准女声",
    "url": "http://tts.baidu.com/text2audio,{\n    \"method\": \"POST\",\n    \"body\": \"tex={{java.encodeURI(java.encodeURI(speakText))}}&spd={{(speakSpeed + 5) / 10 + 4}}&per=4100&cuid=baidu_speech_demo&idx=1&cod=2&lan=zh&ctp=1&pdt=301&vol=5&pit=5&_res_tag_=audio\"\n}"
  },
  {
    "id": -90,
    "name": "标准女声-基础",
    "url": "http://tts.baidu.com/text2audio,{\n    \"method\": \"POST\",\n    \"body\": \"tex={{java.encodeURI(java.encodeURI(speakText))}}&spd={{(speakSpeed + 5) / 10 + 4}}&per=100&cuid=baidu_speech_demo&idx=1&cod=2&lan=zh&ctp=1&pdt=160&vol=5&aue=6&pit=5&_res_tag_=audio\"\n}"
  },
  {
    "id": -21,
    "name": "标准男声",
    "url": "http://tts.baidu.com/text2audio,{\n    \"method\": \"POST\",\n    \"body\": \"tex={{java.encodeURI(java.encodeURI(speakText))}}&spd={{(speakSpeed + 5) / 10 + 4}}&per=4121&cuid=baidu_speech_demo&idx=1&cod=2&lan=zh&ctp=1&pdt=301&vol=5&pit=5&_res_tag_=audio\"\n}"
  },
  {
    "id": -22,
    "name": "治愈女声",
    "url": "http://tts.baidu.com/text2audio,{\n    \"method\": \"POST\",\n    \"body\": \"tex={{java.encodeURI(java.encodeURI(speakText))}}&spd={{(speakSpeed + 5) / 10 + 4}}&per=5120&cuid=baidu_speech_demo&idx=1&cod=2&lan=zh&ctp=1&pdt=301&vol=5&pit=5&_res_tag_=audio\"\n}"
  },
  {
    "id": -23,
    "name": "治愈男声",
    "url": "http://tts.baidu.com/text2audio,{\n    \"method\": \"POST\",\n    \"body\": \"tex={{java.encodeURI(java.encodeURI(speakText))}}&spd={{(speakSpeed + 5) / 10 + 4}}&per=5121&cuid=baidu_speech_demo&idx=1&cod=2&lan=zh&ctp=1&pdt=301&vol=5&pit=5&_res_tag_=audio\"\n}"
  },
  {
    "id": -89,
    "name": "温柔女声",
    "url": "http://tts.baidu.com/text2audio,{\n    \"method\": \"POST\",\n    \"body\": \"tex={{java.encodeURI(java.encodeURI(speakText))}}&spd={{(speakSpeed + 5) / 10 + 4}}&per=4126&cuid=baidu_speech_demo&idx=1&cod=2&lan=zh&ctp=1&pdt=160&vol=5&aue=6&pit=5&_res_tag_=audio\"\n}"
  },
  {
    "id": -88,
    "name": "甜美女声①",
    "url": "http://tts.baidu.com/text2audio,{\n    \"method\": \"POST\",\n    \"body\": \"tex={{java.encodeURI(java.encodeURI(speakText))}}&spd={{(speakSpeed + 5) / 10 + 4}}&per=1200&cuid=baidu_speech_demo&idx=1&cod=2&lan=zh&ctp=1&pdt=160&vol=&rate=32=5&pit=5&_res_tag_=audio\"\n}"
  },
  {
    "id": -24,
    "name": "甜美女声①",
    "url": "http://tts.baidu.com/text2audio,{\n    \"method\": \"POST\",\n    \"body\": \"tex={{java.encodeURI(java.encodeURI(speakText))}}&spd={{(speakSpeed + 5) / 10 + 4}}&per=4117&cuid=baidu_speech_demo&idx=1&cod=2&lan=zh&ctp=1&pdt=301&vol=5&pit=5&_res_tag_=audio\"\n}"
  },
  {
    "id": -25,
    "name": "甜美女声②",
    "url": "http://tts.baidu.com/text2audio,{\n    \"method\": \"POST\",\n    \"body\": \"tex={{java.encodeURI(java.encodeURI(speakText))}}&spd={{(speakSpeed + 5) / 10 + 4}}&per=5117&cuid=baidu_speech_demo&idx=1&cod=2&lan=zh&ctp=1&pdt=301&vol=5&pit=5&_res_tag_=audio\"\n}"
  },
  {
    "id": -87,
    "name": "百度主持",
    "url": "http://tts.baidu.com/text2audio,{\n    \"method\": \"POST\",\n    \"body\": \"tex={{java.encodeURI(java.encodeURI(speakText))}}&spd={{(speakSpeed + 5) / 10 + 4}}&per=4127&cuid=baidu_speech_demo&idx=1&cod=2&lan=zh&ctp=1&pdt=11&vol=5&aue=6&pit=5&_res_tag_=audio\"\n}"
  },
  {
    "id": -26,
    "name": "百度主持",
    "url": "http://tts.baidu.com/text2audio,{\n    \"method\": \"POST\",\n    \"body\": \"tex={{java.encodeURI(java.encodeURI(speakText))}}&spd={{(speakSpeed + 5) / 10 + 4}}&per=9&cuid=baidu_speech_demo&idx=1&cod=2&lan=zh&ctp=1&pdt=301&vol=5&pit=5&_res_tag_=audio\"\n}"
  },
  {
    "id": -86,
    "name": "百度解说①",
    "url": "http://tts.baidu.com/text2audio,{\n    \"method\": \"POST\",\n    \"body\": \"tex={{java.encodeURI(java.encodeURI(speakText))}}&spd={{(speakSpeed + 5) / 10 + 4}}&per=4123&cuid=baidu_speech_demo&idx=1&cod=2&lan=zh&ctp=1&pdt=12&vol=5&aue=6&pit=5&_res_tag_=audio\"\n}"
  },
  {
    "id": -85,
    "name": "百度解说②",
    "url": "http://tts.baidu.com/text2audio,{\n    \"method\": \"POST\",\n    \"body\": \"tex={{java.encodeURI(java.encodeURI(speakText))}}&spd={{(speakSpeed + 5) / 10 + 4}}&per=4128&cuid=baidu_speech_demo&idx=1&cod=2&lan=zh&ctp=1&pdt=12&vol=5&aue=6&pit=5&_res_tag_=audio\"\n}"
  },
  {
    "id": -84,
    "name": "百度解说③",
    "url": "http://tts.baidu.com/text2audio,{\n    \"method\": \"POST\",\n    \"body\": \"tex={{java.encodeURI(java.encodeURI(speakText))}}&spd={{(speakSpeed + 5) / 10 + 4}}&per=4129&cuid=baidu_speech_demo&idx=1&cod=2&lan=zh&ctp=1&pdt=12&vol=5&aue=6&pit=5&_res_tag_=audio\"\n}"
  },
  {
    "id": -27,
    "name": "百度评书①",
    "url": "http://tts.baidu.com/text2audio,{\n    \"method\": \"POST\",\n    \"body\": \"tex={{java.encodeURI(java.encodeURI(speakText))}}&spd={{(speakSpeed + 5) / 10 + 4}}&per=6&cuid=baidu_speech_demo&idx=1&cod=2&lan=zh&ctp=1&pdt=301&vol=5&pit=5&_res_tag_=audio\"\n}"
  },
  {
    "id": -28,
    "name": "百度评书②",
    "url": "http://tts.baidu.com/text2audio,{\n    \"method\": \"POST\",\n    \"body\": \"tex={{java.encodeURI(java.encodeURI(speakText))}}&spd={{(speakSpeed + 5) / 10 + 4}}&per=4114&cuid=baidu_speech_demo&idx=1&cod=2&lan=zh&ctp=1&pdt=301&vol=5&pit=5&_res_tag_=audio\"\n}"
  },
  {
    "id": -83,
    "name": "萝莉少女音",
    "url": "http://tts.baidu.com/text2audio,{\n    \"method\": \"POST\",\n    \"body\": \"tex={{java.encodeURI(java.encodeURI(speakText))}}&spd={{(speakSpeed + 5) / 10 + 4}}&per=5201&cuid=baidu_speech_demo&idx=1&cod=2&lan=zh&ctp=1&pdt=160&vol=5&aue=6&pit=5&_res_tag_=audio\"\n}"
  },
  {
    "id": -29,
    "name": "阿里云语音",
    "url": "<js>/*播音人Aiting可改其他https://cdn.jsdelivr.net/gh/Celeter/build/.github/scripts/speaker.json，详见https://ai.aliyun.com/nls/tts*/;eval(''+java.ajax('https://cdn.jsdelivr.net/gh/Celeter/build/.github/scripts/ttsDemo.js'));ttsDemo(speakText,speakSpeed,'Aiting')</js>"
  }
]