[
  {
    "bookName": "龙族",
    "deviceId": "",
    "readTime": 223346
  },
  {
    "bookName": "勾引被操（校园H）",
    "deviceId": "",
    "readTime": 106469
  },
  {
    "bookName": "我真的不是气运之子",
    "deviceId": "",
    "readTime": 47879
  },
  {
    "bookName": "蛮荒囚徒",
    "deviceId": "",
    "readTime": 286774
  },
  {
    "bookName": "凌辱女友",
    "deviceId": "",
    "readTime": 106514
  },
  {
    "bookName": "韩佳人的改变",
    "deviceId": "",
    "readTime": 83327
  },
  {
    "bookName": "我在魔法世界开创互联网时代",
    "deviceId": "",
    "readTime": 359332
  },
  {
    "bookName": "长生界",
    "deviceId": "",
    "readTime": 31795
  },
  {
    "bookName": "道君",
    "deviceId": "",
    "readTime": 556630
  },
  {
    "bookName": "修真四万年",
    "deviceId": "",
    "readTime": 1279362
  },
  {
    "bookName": "这个人仙太过正经",
    "deviceId": "",
    "readTime": 360319
  },
  {
    "bookName": "星戒",
    "deviceId": "",
    "readTime": 9197912
  },
  {
    "bookName": "变态兄妹的调教日常（剧情H纯爱）",
    "deviceId": "",
    "readTime": 1735
  },
  {
    "bookName": "脑洞大开实验室之调制精奴",
    "deviceId": "",
    "readTime": 1898
  },
  {
    "bookName": "调教清纯老婆五年有感",
    "deviceId": "",
    "readTime": 14428
  },
  {
    "bookName": "人生改造计划",
    "deviceId": "",
    "readTime": 99468
  },
  {
    "bookName": "女奴改造",
    "deviceId": "",
    "readTime": 33873
  },
  {
    "bookName": "淫妇的奴隶马桶",
    "deviceId": "",
    "readTime": 127151
  },
  {
    "bookName": "工厂供电gb50052-95供配电系统设",
    "deviceId": "",
    "readTime": 10865
  },
  {
    "bookName": "脑髓工厂",
    "deviceId": "",
    "readTime": 13833
  },
  {
    "bookName": "战舰少女 和专属性奴舰娘列克星敦的日常",
    "deviceId": "",
    "readTime": 1644
  },
  {
    "bookName": "性奴训练学园",
    "deviceId": "",
    "readTime": 6683
  },
  {
    "bookName": "镇痛",
    "deviceId": "",
    "readTime": 7672
  },
  {
    "bookName": "便器林小薇的淫秽人生",
    "deviceId": "",
    "readTime": 49510
  },
  {
    "bookName": "变态父女",
    "deviceId": "",
    "readTime": 149460
  },
  {
    "bookName": "诸天奸淫系统",
    "deviceId": "",
    "readTime": 32624
  },
  {
    "bookName": "催眠调教",
    "deviceId": "",
    "readTime": 295881
  },
  {
    "bookName": "洪荒少年猎艳录",
    "deviceId": "",
    "readTime": 55406
  },
  {
    "bookName": "强奸系列合集",
    "deviceId": "",
    "readTime": 1127837
  },
  {
    "bookName": "催眠系小说",
    "deviceId": "",
    "readTime": 891325
  },
  {
    "bookName": "寄生",
    "deviceId": "",
    "readTime": 4551720
  },
  {
    "bookName": "催眠系列(未删节)",
    "deviceId": "",
    "readTime": 366512
  },
  {
    "bookName": "女奴调教中心",
    "deviceId": "",
    "readTime": 231301
  },
  {
    "bookName": "遮天-完美-圣墟（同人h合集）第11-19部",
    "deviceId": "",
    "readTime": 15451
  },
  {
    "bookName": "娜娜的乳胶监狱（完结）",
    "deviceId": "",
    "readTime": 1089744
  },
  {
    "bookName": "父女淫行末日",
    "deviceId": "",
    "readTime": 3462
  },
  {
    "bookName": "小女奴生存指南【高H/简体】",
    "deviceId": "",
    "readTime": 8392
  },
  {
    "bookName": "性奴隶服务公司",
    "deviceId": "",
    "readTime": 468467
  },
  {
    "bookName": "性奴加工厂",
    "deviceId": "",
    "readTime": 65602
  },
  {
    "bookName": "得到超级性奴系统怎么办",
    "deviceId": "",
    "readTime": 120940
  },
  {
    "bookName": "快穿之性奴调教系统（高H/SM/繁）",
    "deviceId": "",
    "readTime": 47471
  },
  {
    "bookName": "性奴校花",
    "deviceId": "",
    "readTime": 131077
  },
  {
    "bookName": "完蛋，我的系统被入侵了（异界性奴系统）",
    "deviceId": "",
    "readTime": 1268638
  },
  {
    "bookName": "监禁调教 女大学生的性奴之路",
    "deviceId": "",
    "readTime": 45402
  },
  {
    "bookName": "性奴养殖场(双性/星际)",
    "deviceId": "",
    "readTime": 243294
  },
  {
    "bookName": "性奴公司之淫荡调教",
    "deviceId": "",
    "readTime": 452698
  },
  {
    "bookName": "性奴隶服务公司 经典重口之作 身体不好者慎入",
    "deviceId": "",
    "readTime": 6877
  },
  {
    "bookName": "终生性奴隶（珍藏全本）",
    "deviceId": "",
    "readTime": 3397
  },
  {
    "bookName": "催眠",
    "deviceId": "",
    "readTime": 177994
  },
  {
    "bookName": "神话入侵",
    "deviceId": "",
    "readTime": 137803
  },
  {
    "bookName": "清纯女大学生被工友干成淫娃",
    "deviceId": "",
    "readTime": 219174
  },
  {
    "bookName": "我在盘丝洞养蜘蛛",
    "deviceId": "",
    "readTime": 36550016
  },
  {
    "bookName": "大奉打更人",
    "deviceId": "",
    "readTime": 1226
  }
]