[
  {
    "group": "",
    "id": 1618980234281,
    "isEnabled": true,
    "isRegex": false,
    "name": "失败，点击手动加载，不支持阅读模式！\n　　禁止转码、禁止阅读模式，下面内容隐藏，请退出阅读模式！",
    "order": 1,
    "pattern": "失败，点击手动加载，不支持阅读模式！\n　　禁止转码、禁止阅读模式，下面内容隐藏，请退出阅读模式！",
    "replacement": "   ",
    "scope": "轮回乐园;https://m.zhaishuyuan.com"
  },
  {
    "group": "",
    "id": 1620634625432,
    "isEnabled": true,
    "isRegex": false,
    "name": "(三七中文 et)",
    "order": 1,
    "pattern": "(三七中文 et)",
    "replacement": " ",
    "scope": "道君;https://www.apjadhw.com"
  },
  {
    "group": "",
    "id": 1619056218515,
    "isEnabled": true,
    "isRegex": true,
    "name": "喰",
    "order": 2,
    "pattern": "喰",
    "replacement": "食",
    "scope": "轮回乐园;https://m.zhaishuyuan.com"
  },
  {
    "group": "",
    "id": 1620634693497,
    "isEnabled": true,
    "isRegex": false,
    "name": "▲手ٳ下载app看书神器，百度搜关键词࿱书掌柜app或直接访问官方网站▲",
    "order": 2,
    "pattern": "▲手ٳ下载app看书神器，百度搜关键词࿱书掌柜app或直接访问官方网站▲",
    "replacement": " ",
    "scope": "道君;https://www.apjadhw.com"
  },
  {
    "group": "",
    "id": 1619056257044,
    "isEnabled": true,
    "isRegex": true,
    "name": "喰",
    "order": 3,
    "pattern": "喰",
    "replacement": "食",
    "scope": "轮回乐园;https://m.zhaishuyuan.com"
  },
  {
    "group": "",
    "id": 1619283456143,
    "isEnabled": true,
    "isRegex": true,
    "name": "&lt;font face=&quot;宋体 &quot;&gt;　　　　　　　",
    "order": 4,
    "pattern": "&lt;font face=&quot;宋体 &quot;&gt;　　　　　　　",
    "replacement": " ",
    "scope": "我的爆乳巨臀专用肉便器;https://www.win10city.com"
  },
  {
    "group": "",
    "id": 1619499667575,
    "isEnabled": true,
    "isRegex": false,
    "name": "更新最快手机端：https:/m.33xs.com/",
    "order": 5,
    "pattern": "更新最快手机端：https:/m.33xs.com/",
    "replacement": " ",
    "scope": "烂柯棋缘;https://xs.pigqq.com"
  },
  {
    "group": "",
    "id": 1620308620772,
    "isEnabled": true,
    "isRegex": false,
    "name": "笔趣阁_",
    "order": 5,
    "pattern": "笔趣阁_",
    "replacement": " ",
    "scope": "这个人仙太过正经;https://m.gebiqu.com"
  },
  {
    "group": "",
    "id": 1619499720476,
    "isEnabled": true,
    "isRegex": false,
    "name": "https://m.33xs.com",
    "order": 6,
    "pattern": "https://m.33xs.com",
    "replacement": " ",
    "scope": "烂柯棋缘;https://xs.pigqq.com"
  },
  {
    "group": "",
    "id": 1619499727371,
    "isEnabled": true,
    "isRegex": false,
    "name": "https://",
    "order": 7,
    "pattern": "https://",
    "replacement": " ",
    "scope": "烂柯棋缘;https://xs.pigqq.com"
  },
  {
    "group": "",
    "id": 1619542243781,
    "isEnabled": true,
    "isRegex": false,
    "name": "@@﻿",
    "order": 8,
    "pattern": "@@﻿",
    "replacement": " ",
    "scope": "烂柯棋缘;https://xs.pigqq.com"
  },
  {
    "group": "",
    "id": 1619542258274,
    "isEnabled": true,
    "isRegex": false,
    "name": "@@",
    "order": 9,
    "pattern": "@@",
    "replacement": " ",
    "scope": "烂柯棋缘;https://xs.pigqq.com"
  },
  {
    "group": "",
    "id": 1620366960514,
    "isEnabled": true,
    "isRegex": false,
    "name": "新书求支持",
    "order": 10,
    "pattern": "新书求支持",
    "replacement": " ",
    "scope": "我在幕后调教大佬;http://www.22pq.com"
  },
  {
    "group": "",
    "id": 1620366970451,
    "isEnabled": true,
    "isRegex": false,
    "name": "PS",
    "order": 11,
    "pattern": "PS",
    "replacement": " ",
    "scope": "我在幕后调教大佬;http://www.22pq.com"
  },
  {
    "group": "",
    "id": 1620570471269,
    "isEnabled": true,
    "isRegex": false,
    "name": "您可以在百度上搜索",
    "order": 12,
    "pattern": "您可以在百度上搜索",
    "replacement": " ",
    "scope": "超级系统教化诸天;http://www.94xsw.info"
  },
  {
    "group": "",
    "id": 1620570492215,
    "isEnabled": true,
    "isRegex": false,
    "name": "您可以在百度上搜索：",
    "order": 13,
    "pattern": "您可以在百度上搜索：",
    "replacement": " ",
    "scope": "超级系统教化诸天;http://www.94xsw.info"
  }
]