[
  {
    "id": 1618659255688,
    "name": " 糖糖",
    "url": "http://dev.hivoice.cn/TTSServlet,{ \"method\":\"GET\", \"body\":\"text=hello&voiceName=tangtang&voicePitch=50&voiceSpeed=50&voiceVolume=100&bright=50\" }"
  },
  {
    "id": -1,
    "name": "度丫丫",
    "url": "http://tts.baidu.com/text2audio,{\n    \"method\": \"POST\",\n    \"body\": \"tex={{java.encodeURI(java.encodeURI(speakText))}}&spd={{(speakSpeed + 5) / 10 + 4}}&per=4&cuid=baidu_speech_demo&idx=1&cod=2&lan=zh&ctp=1&pdt=301&vol=5&pit=5&_res_tag_=audio\"\n}"
  },
  {
    "id": -2,
    "name": "度博文①",
    "url": "http://tts.baidu.com/text2audio,{\n    \"method\": \"POST\",\n    \"body\": \"tex={{java.encodeURI(java.encodeURI(speakText))}}&spd={{(speakSpeed + 5) / 10 + 4}}&per=106&cuid=baidu_speech_demo&idx=1&cod=2&lan=zh&ctp=1&pdt=301&vol=5&pit=5&_res_tag_=audio\"\n}"
  },
  {
    "id": -3,
    "name": "度博文②",
    "url": "http://tts.baidu.com/text2audio,{\n    \"method\": \"POST\",\n    \"body\": \"tex={{java.encodeURI(java.encodeURI(speakText))}}&spd={{(speakSpeed + 5) / 10 + 4}}&per=4106&cuid=baidu_speech_demo&idx=1&cod=2&lan=zh&ctp=1&pdt=301&vol=5&pit=5&_res_tag_=audio\"\n}"
  },
  {
    "id": -4,
    "name": "度博文③",
    "url": "http://tts.baidu.com/text2audio,{\n    \"method\": \"POST\",\n    \"body\": \"tex={{java.encodeURI(java.encodeURI(speakText))}}&spd={{(speakSpeed + 5) / 10 + 4}}&per=5106&cuid=baidu_speech_demo&idx=1&cod=2&lan=zh&ctp=1&pdt=301&vol=5&pit=5&_res_tag_=audio\"\n}"
  },
  {
    "id": -5,
    "name": "度小娇",
    "url": "http://tts.baidu.com/text2audio,{\n    \"method\": \"POST\",\n    \"body\": \"tex={{java.encodeURI(java.encodeURI(speakText))}}&spd={{(speakSpeed + 5) / 10 + 4}}&per=5&cuid=baidu_speech_demo&idx=1&cod=2&lan=zh&ctp=1&pdt=301&vol=5&pit=5&_res_tag_=audio\"\n}"
  },
  {
    "id": -6,
    "name": "度小宇",
    "url": "http://tts.baidu.com/text2audio,{\n    \"method\": \"POST\",\n    \"body\": \"tex={{java.encodeURI(java.encodeURI(speakText))}}&spd={{(speakSpeed + 5) / 10 + 4}}&per=1&cuid=baidu_speech_demo&idx=1&cod=2&lan=zh&ctp=1&pdt=301&vol=5&pit=5&_res_tag_=audio\"\n}"
  },
  {
    "id": -7,
    "name": "度小童",
    "url": "http://tts.baidu.com/text2audio,{\n    \"method\": \"POST\",\n    \"body\": \"tex={{java.encodeURI(java.encodeURI(speakText))}}&spd={{(speakSpeed + 5) / 10 + 4}}&per=110&cuid=baidu_speech_demo&idx=1&cod=2&lan=zh&ctp=1&pdt=301&vol=5&pit=5&_res_tag_=audio\"\n}"
  },
  {
    "id": -8,
    "name": "度小美",
    "url": "http://tts.baidu.com/text2audio,{\n    \"method\": \"POST\",\n    \"body\": \"tex={{java.encodeURI(java.encodeURI(speakText))}}&spd={{(speakSpeed + 5) / 10 + 4}}&per=0&cuid=baidu_speech_demo&idx=1&cod=2&lan=zh&ctp=1&pdt=301&vol=5&pit=5&_res_tag_=audio\"\n}"
  },
  {
    "id": -9,
    "name": "度小萌",
    "url": "http://tts.baidu.com/text2audio,{\n    \"method\": \"POST\",\n    \"body\": \"tex={{java.encodeURI(java.encodeURI(speakText))}}&spd={{(speakSpeed + 5) / 10 + 4}}&per=111&cuid=baidu_speech_demo&idx=1&cod=2&lan=zh&ctp=1&pdt=301&vol=5&pit=5&_res_tag_=audio\"\n}"
  },
  {
    "id": -10,
    "name": "度小鹿①",
    "url": "http://tts.baidu.com/text2audio,{\n    \"method\": \"POST\",\n    \"body\": \"tex={{java.encodeURI(java.encodeURI(speakText))}}&spd={{(speakSpeed + 5) / 10 + 4}}&per=4118&cuid=baidu_speech_demo&idx=1&cod=2&lan=zh&ctp=1&pdt=301&vol=5&pit=5&_res_tag_=audio\"\n}"
  },
  {
    "id": -11,
    "name": "度小鹿②",
    "url": "http://tts.baidu.com/text2audio,{\n    \"method\": \"POST\",\n    \"body\": \"tex={{java.encodeURI(java.encodeURI(speakText))}}&spd={{(speakSpeed + 5) / 10 + 4}}&per=5118&cuid=baidu_speech_demo&idx=1&cod=2&lan=zh&ctp=1&pdt=301&vol=5&pit=5&_res_tag_=audio\"\n}"
  },
  {
    "id": -12,
    "name": "度小鹿③",
    "url": "http://tts.baidu.com/text2audio,{\n    \"method\": \"POST\",\n    \"body\": \"tex={{java.encodeURI(java.encodeURI(speakText))}}&spd={{(speakSpeed + 5) / 10 + 4}}&per=4119&cuid=baidu_speech_demo&idx=1&cod=2&lan=zh&ctp=1&pdt=301&vol=5&pit=5&_res_tag_=audio\"\n}"
  },
  {
    "id": -13,
    "name": "度米朵①",
    "url": "http://tts.baidu.com/text2audio,{\n    \"method\": \"POST\",\n    \"body\": \"tex={{java.encodeURI(java.encodeURI(speakText))}}&spd={{(speakSpeed + 5) / 10 + 4}}&per=103&cuid=baidu_speech_demo&idx=1&cod=2&lan=zh&ctp=1&pdt=301&vol=5&pit=5&_res_tag_=audio\"\n}"
  },
  {
    "id": -14,
    "name": "度米朵②",
    "url": "http://tts.baidu.com/text2audio,{\n    \"method\": \"POST\",\n    \"body\": \"tex={{java.encodeURI(java.encodeURI(speakText))}}&spd={{(speakSpeed + 5) / 10 + 4}}&per=4103&cuid=baidu_speech_demo&idx=1&cod=2&lan=zh&ctp=1&pdt=301&vol=5&pit=5&_res_tag_=audio\"\n}"
  },
  {
    "id": -15,
    "name": "度逍遥-基础",
    "url": "http://tts.baidu.com/text2audio,{\n    \"method\": \"POST\",\n    \"body\": \"tex={{java.encodeURI(java.encodeURI(speakText))}}&spd={{(speakSpeed + 5) / 10 + 4}}&per=3&cuid=baidu_speech_demo&idx=1&cod=2&lan=zh&ctp=1&pdt=301&vol=5&pit=5&_res_tag_=audio\"\n}"
  },
  {
    "id": -16,
    "name": "度逍遥-精品①",
    "url": "http://tts.baidu.com/text2audio,{\n    \"method\": \"POST\",\n    \"body\": \"tex={{java.encodeURI(java.encodeURI(speakText))}}&spd={{(speakSpeed + 5) / 10 + 4}}&per=4003&cuid=baidu_speech_demo&idx=1&cod=2&lan=zh&ctp=1&pdt=301&vol=5&pit=5&_res_tag_=audio\"\n}"
  },
  {
    "id": -17,
    "name": "度逍遥-精品②",
    "url": "http://tts.baidu.com/text2audio,{\n    \"method\": \"POST\",\n    \"body\": \"tex={{java.encodeURI(java.encodeURI(speakText))}}&spd={{(speakSpeed + 5) / 10 + 4}}&per=5003&cuid=baidu_speech_demo&idx=1&cod=2&lan=zh&ctp=1&pdt=301&vol=5&pit=5&_res_tag_=audio\"\n}"
  },
  {
    "id": -18,
    "name": "情感女声",
    "url": "http://tts.baidu.com/text2audio,{\n    \"method\": \"POST\",\n    \"body\": \"tex={{java.encodeURI(java.encodeURI(speakText))}}&spd={{(speakSpeed + 5) / 10 + 4}}&per=4105&cuid=baidu_speech_demo&idx=1&cod=2&lan=zh&ctp=1&pdt=301&vol=5&pit=5&_res_tag_=audio\"\n}"
  },
  {
    "id": -19,
    "name": "情感男声",
    "url": "http://tts.baidu.com/text2audio,{\n    \"method\": \"POST\",\n    \"body\": \"tex={{java.encodeURI(java.encodeURI(speakText))}}&spd={{(speakSpeed + 5) / 10 + 4}}&per=4115&cuid=baidu_speech_demo&idx=1&cod=2&lan=zh&ctp=1&pdt=301&vol=5&pit=5&_res_tag_=audio\"\n}"
  },
  {
    "id": -20,
    "name": "标准女声",
    "url": "http://tts.baidu.com/text2audio,{\n    \"method\": \"POST\",\n    \"body\": \"tex={{java.encodeURI(java.encodeURI(speakText))}}&spd={{(speakSpeed + 5) / 10 + 4}}&per=4100&cuid=baidu_speech_demo&idx=1&cod=2&lan=zh&ctp=1&pdt=301&vol=5&pit=5&_res_tag_=audio\"\n}"
  },
  {
    "id": -21,
    "name": "标准男声",
    "url": "http://tts.baidu.com/text2audio,{\n    \"method\": \"POST\",\n    \"body\": \"tex={{java.encodeURI(java.encodeURI(speakText))}}&spd={{(speakSpeed + 5) / 10 + 4}}&per=4121&cuid=baidu_speech_demo&idx=1&cod=2&lan=zh&ctp=1&pdt=301&vol=5&pit=5&_res_tag_=audio\"\n}"
  },
  {
    "id": -22,
    "name": "治愈女声",
    "url": "http://tts.baidu.com/text2audio,{\n    \"method\": \"POST\",\n    \"body\": \"tex={{java.encodeURI(java.encodeURI(speakText))}}&spd={{(speakSpeed + 5) / 10 + 4}}&per=5120&cuid=baidu_speech_demo&idx=1&cod=2&lan=zh&ctp=1&pdt=301&vol=5&pit=5&_res_tag_=audio\"\n}"
  },
  {
    "id": -23,
    "name": "治愈男声",
    "url": "http://tts.baidu.com/text2audio,{\n    \"method\": \"POST\",\n    \"body\": \"tex={{java.encodeURI(java.encodeURI(speakText))}}&spd={{(speakSpeed + 5) / 10 + 4}}&per=5121&cuid=baidu_speech_demo&idx=1&cod=2&lan=zh&ctp=1&pdt=301&vol=5&pit=5&_res_tag_=audio\"\n}"
  },
  {
    "id": -24,
    "name": "甜美女声①",
    "url": "http://tts.baidu.com/text2audio,{\n    \"method\": \"POST\",\n    \"body\": \"tex={{java.encodeURI(java.encodeURI(speakText))}}&spd={{(speakSpeed + 5) / 10 + 4}}&per=4117&cuid=baidu_speech_demo&idx=1&cod=2&lan=zh&ctp=1&pdt=301&vol=5&pit=5&_res_tag_=audio\"\n}"
  },
  {
    "id": -25,
    "name": "甜美女声②",
    "url": "http://tts.baidu.com/text2audio,{\n    \"method\": \"POST\",\n    \"body\": \"tex={{java.encodeURI(java.encodeURI(speakText))}}&spd={{(speakSpeed + 5) / 10 + 4}}&per=5117&cuid=baidu_speech_demo&idx=1&cod=2&lan=zh&ctp=1&pdt=301&vol=5&pit=5&_res_tag_=audio\"\n}"
  },
  {
    "id": -26,
    "name": "百度主持",
    "url": "http://tts.baidu.com/text2audio,{\n    \"method\": \"POST\",\n    \"body\": \"tex={{java.encodeURI(java.encodeURI(speakText))}}&spd={{(speakSpeed + 5) / 10 + 4}}&per=9&cuid=baidu_speech_demo&idx=1&cod=2&lan=zh&ctp=1&pdt=301&vol=5&pit=5&_res_tag_=audio\"\n}"
  },
  {
    "id": -27,
    "name": "百度评书①",
    "url": "http://tts.baidu.com/text2audio,{\n    \"method\": \"POST\",\n    \"body\": \"tex={{java.encodeURI(java.encodeURI(speakText))}}&spd={{(speakSpeed + 5) / 10 + 4}}&per=6&cuid=baidu_speech_demo&idx=1&cod=2&lan=zh&ctp=1&pdt=301&vol=5&pit=5&_res_tag_=audio\"\n}"
  },
  {
    "id": -28,
    "name": "百度评书②",
    "url": "http://tts.baidu.com/text2audio,{\n    \"method\": \"POST\",\n    \"body\": \"tex={{java.encodeURI(java.encodeURI(speakText))}}&spd={{(speakSpeed + 5) / 10 + 4}}&per=4114&cuid=baidu_speech_demo&idx=1&cod=2&lan=zh&ctp=1&pdt=301&vol=5&pit=5&_res_tag_=audio\"\n}"
  },
  {
    "id": -29,
    "name": "阿里云语音",
    "url": "<js>/*播音人Aiting可改其他https://cdn.jsdelivr.net/gh/Celeter/build/.github/scripts/speaker.json，详见https://ai.aliyun.com/nls/tts*/;eval(''+java.ajax('https://cdn.jsdelivr.net/gh/Celeter/build/.github/scripts/ttsDemo.js'));ttsDemo(speakText,speakSpeed,'Aiting')</js>"
  }
]