[
  {
    "bookName": "我师兄实在太稳健了",
    "deviceId": "",
    "readTime": 197
  },
  {
    "bookName": "杀神",
    "deviceId": "",
    "readTime": 17728
  },
  {
    "bookName": "帝霸",
    "deviceId": "",
    "readTime": 2553
  },
  {
    "bookName": "灵域",
    "deviceId": "",
    "readTime": 43292
  },
  {
    "bookName": "混沌雷修",
    "deviceId": "",
    "readTime": 25545
  },
  {
    "bookName": "空速星痕",
    "deviceId": "",
    "readTime": 2227
  },
  {
    "bookName": "元尊",
    "deviceId": "",
    "readTime": 19964
  },
  {
    "bookName": "武动乾坤",
    "deviceId": "",
    "readTime": 1924
  },
  {
    "bookName": "异世魔尊",
    "deviceId": "",
    "readTime": 12027
  },
  {
    "bookName": "修真聊天群",
    "deviceId": "",
    "readTime": 38824
  },
  {
    "bookName": "飘渺之旅",
    "deviceId": "",
    "readTime": 28455
  },
  {
    "bookName": "飘淼之旅",
    "deviceId": "",
    "readTime": 82169
  },
  {
    "bookName": "修真界败类",
    "deviceId": "",
    "readTime": 13663
  },
  {
    "bookName": "莽荒纪",
    "deviceId": "",
    "readTime": 1128
  },
  {
    "bookName": "仙逆",
    "deviceId": "",
    "readTime": 24516
  },
  {
    "bookName": "长生界",
    "deviceId": "",
    "readTime": 5805
  },
  {
    "bookName": "龙族",
    "deviceId": "",
    "readTime": 1435
  },
  {
    "bookName": "武炼巅峰",
    "deviceId": "",
    "readTime": 12791
  },
  {
    "bookName": "召唤美女军团",
    "deviceId": "",
    "readTime": 10668
  },
  {
    "bookName": "异世邪君",
    "deviceId": "",
    "readTime": 7251
  },
  {
    "bookName": "烂柯棋缘",
    "deviceId": "",
    "readTime": 111
  },
  {
    "bookName": "大奉打更人",
    "deviceId": "",
    "readTime": 24302
  },
  {
    "bookName": "我的细胞监狱",
    "deviceId": "",
    "readTime": 204942
  },
  {
    "bookName": "星际海盗",
    "deviceId": "",
    "readTime": 8686
  },
  {
    "bookName": "凡人修神传",
    "deviceId": "",
    "readTime": 7104
  },
  {
    "bookName": "凡人修仙传",
    "deviceId": "",
    "readTime": 2558
  },
  {
    "bookName": "帝道至尊",
    "deviceId": "",
    "readTime": 12549
  },
  {
    "bookName": "刀剑神皇",
    "deviceId": "",
    "readTime": 10083
  }
]