[
  {
    "accentColor": "#AD1457",
    "backgroundColor": "#F5F5F5",
    "bottomBackground": "#EEEEEE",
    "isNightTheme": false,
    "primaryColor": "#03A9F4",
    "themeName": "典雅蓝"
  },
  {
    "accentColor": "#ff869b97",
    "backgroundColor": "#fff2f2ea",
    "bottomBackground": "#ff936278",
    "isNightTheme": false,
    "primaryColor": "#ff67808d",
    "themeName": "落樱"
  },
  {
    "accentColor": "#ff2d1c4d",
    "backgroundColor": "#ffb186a3",
    "bottomBackground": "#ff684e94",
    "isNightTheme": true,
    "primaryColor": "#ff594675",
    "themeName": "童话世界"
  },
  {
    "accentColor": "#ff965ba0",
    "backgroundColor": "#fffee6e6",
    "bottomBackground": "#ff7e65a9",
    "isNightTheme": false,
    "primaryColor": "#ffcb9aab",
    "themeName": "#粉紫"
  },
  {
    "accentColor": "#ff50426b",
    "backgroundColor": "#ff6f5466",
    "bottomBackground": "#ff816ba6",
    "isNightTheme": true,
    "primaryColor": "#ff9084a3",
    "themeName": "刘"
  }
]