[
  {
    "group": "",
    "id": 1618980234281,
    "isEnabled": true,
    "isRegex": false,
    "name": "失败，点击手动加载，不支持阅读模式！\n　　禁止转码、禁止阅读模式，下面内容隐藏，请退出阅读模式！",
    "order": 1,
    "pattern": "失败，点击手动加载，不支持阅读模式！\n　　禁止转码、禁止阅读模式，下面内容隐藏，请退出阅读模式！",
    "replacement": "   ",
    "scope": "轮回乐园;https://m.zhaishuyuan.com"
  },
  {
    "group": "",
    "id": 1619283456143,
    "isEnabled": true,
    "isRegex": true,
    "name": "&lt;font face=&quot;宋体 &quot;&gt;　　　　　　　",
    "order": 4,
    "pattern": "&lt;font face=&quot;宋体 &quot;&gt;　　　　　　　",
    "replacement": " ",
    "scope": "我的爆乳巨臀专用肉便器;https://www.win10city.com"
  },
  {
    "group": "",
    "id": 1619499667575,
    "isEnabled": true,
    "isRegex": false,
    "name": "更新最快手机端：https:/m.33xs.com/",
    "order": 5,
    "pattern": "更新最快手机端：https:/m.33xs.com/",
    "replacement": " ",
    "scope": "烂柯棋缘;https://xs.pigqq.com"
  },
  {
    "group": "",
    "id": 1619499720476,
    "isEnabled": true,
    "isRegex": false,
    "name": "https://m.33xs.com",
    "order": 6,
    "pattern": "https://m.33xs.com",
    "replacement": " ",
    "scope": "烂柯棋缘;https://xs.pigqq.com"
  },
  {
    "group": "",
    "id": 1619499727371,
    "isEnabled": true,
    "isRegex": false,
    "name": "https://",
    "order": 7,
    "pattern": "https://",
    "replacement": " ",
    "scope": "烂柯棋缘;https://xs.pigqq.com"
  }
]