[
  {
    "bookName": "这个人仙太过正经",
    "deviceId": "",
    "readTime": 3156
  },
  {
    "bookName": "我在魔法世界开创互联网时代",
    "deviceId": "",
    "readTime": 359332
  },
  {
    "bookName": "长生界",
    "deviceId": "",
    "readTime": 31795
  },
  {
    "bookName": "道君",
    "deviceId": "",
    "readTime": 556630
  },
  {
    "bookName": "修真四万年",
    "deviceId": "",
    "readTime": 1279362
  },
  {
    "bookName": "星戒",
    "deviceId": "",
    "readTime": 11821
  },
  {
    "bookName": "催眠系小说",
    "deviceId": "",
    "readTime": 429145
  }
]