[
  {
    "author": "穿黄衣的阿肥",
    "bookUrl": "https://m.dstiejuan.com/book/33898.html",
    "canUpdate": true,
    "coverUrl": "http://img.9txs.com/33898/691999.jpg",
    "durChapterIndex": 1519,
    "durChapterPos": 2174,
    "durChapterTime": 1619315917640,
    "durChapterTitle": "第1501章 百货商场",
    "group": 0,
    "intro": "重生为细胞，携狱典之力，来到旧神注视下的平行世界。 蒸汽文明、命运点数、惊悚空间、异魔鬼怪、旧神信徒…… 他将以狱长之名，踏上征战旧神的旅途。 阿肥回归正途后的全新科幻惊悚力作，质量保证。 本书又名《从头开始》-【开局一颗头，身体全靠捡】",
    "kind": "科幻未来,连载中",
    "lastCheckCount": 5,
    "lastCheckTime": 1618450179097,
    "latestChapterTime": 1619667532282,
    "latestChapterTitle": "请假一天",
    "name": "我的细胞监狱",
    "order": 1,
    "origin": "https://m.dstiejuan.com",
    "originName": "🌸 丹书铁卷",
    "originOrder": -130947,
    "readConfig": {
      "delParagraph": 0,
      "delTag": 0,
      "imageStyle": "0",
      "pageAnim": 2,
      "reSegment": false,
      "useReplaceRule": true
    },
    "tocUrl": "https://www.dstiejuan.com/book/33898/",
    "totalChapterNum": 1527,
    "type": 0,
    "wordCount": "320 万字"
  },
  {
    "author": "真费事",
    "bookUrl": "https://infosxs.pigqq.com/BookFiles/Html/466/465277/index.html",
    "canUpdate": true,
    "coverUrl": "https://imgapi.jiaston.com/BookFiles/Bookimages/lankeqiyuan.jpg",
    "durChapterIndex": 472,
    "durChapterPos": 0,
    "durChapterTime": 1619596036649,
    "durChapterTitle": "第465章 星河下坠",
    "group": 0,
    "intro": "烂柯旁棋局落叶，老树间对弈无人\n　　兴所致天元一子，再回首山海苍茫\n　　……\n　　一觉醒来，计缘成了一个破旧山神庙中的半瞎乞丐。\n　　实力不够嘴炮来凑，真人一柄剑，神棍一张嘴，就是计缘在这个可怕的世界安身立足的根本。",
    "kind": "武侠仙侠,完成",
    "lastCheckCount": 0,
    "lastCheckTime": 1618466543759,
    "latestChapterTime": 1619223220616,
    "latestChapterTitle": "番外:省时省力各得其乐",
    "name": "烂柯棋缘",
    "order": 3,
    "origin": "https://xs.pigqq.com",
    "originName": "🌸 笔趣阁APP",
    "originOrder": -130886,
    "readConfig": {
      "delParagraph": 0,
      "delTag": 0,
      "imageStyle": "FULL",
      "pageAnim": -1,
      "reSegment": false,
      "useReplaceRule": true
    },
    "tocUrl": "https://infosxs.pigqq.com/BookFiles/Html/466/465277/index.html",
    "totalChapterNum": 1042,
    "type": 0,
    "variable": "{\n  \"bid\": \"465277\",\n  \"sid\": \"466\"\n}",
    "wordCount": ""
  },
  {
    "author": "乱",
    "bookUrl": "https://www.shuchong.info/book/35435.html",
    "canUpdate": true,
    "coverUrl": "https://www.shuchong.info/static/upload/7075.35435.jpg",
    "durChapterIndex": 0,
    "durChapterPos": 0,
    "durChapterTime": 1618650277911,
    "durChapterTitle": "第1章 世界大变",
    "group": 1,
    "intro": "一觉醒来，世界大变。 熟悉的高中传授的是魔法，告诉大家要成为一名出色的魔法师。 居住的都市之外游荡着袭击人类的魔物妖兽，虎视眈眈。 崇尚科学的世界变成了崇尚魔法，偏偏有着一样以学渣看待自己的老师，一样目光异样的同学，一样社会底层挣扎的爸爸，一样纯美却不能走路的非血缘妹妹…… 不过，莫凡发现绝大多数人都只能够主修一系魔法，自己却是全系全能法师！",
    "kind": "异世大陆,连载中,已有 125241 人读过此书",
    "lastCheckCount": 0,
    "lastCheckTime": 1618650242917,
    "latestChapterTime": 1618650248019,
    "latestChapterTitle": "第3101章 人间，惹不起了",
    "name": "全职法师",
    "order": 7,
    "origin": "https://www.shuchong.info",
    "originName": "📡 书虫中文",
    "originOrder": -131062,
    "readConfig": {
      "delParagraph": 0,
      "delTag": 0,
      "imageStyle": "0",
      "pageAnim": -1,
      "reSegment": false,
      "useReplaceRule": true
    },
    "tocUrl": "https://www.shuchong.info/list/35435/1/0/",
    "totalChapterNum": 912,
    "type": 0,
    "wordCount": "字数：7119475"
  },
  {
    "author": "言归正传",
    "bookUrl": "https://app1.youzibank.com/book/chapter/listAll?userId=376679&bookId=1154394",
    "canUpdate": true,
    "coverUrl": "https://book.chengxinqinye.com/book%2F126%2F8bb7c15cc920770b24f36a9e10f7ea61.jpg",
    "durChapterIndex": 0,
    "durChapterPos": 0,
    "durChapterTime": 1618677576056,
    "durChapterTitle": "第一章 小小灵娥",
    "group": 1,
    "intro": "",
    "kind": "仙侠 - 奇幻修真",
    "lastCheckCount": 0,
    "lastCheckTime": 1618554269178,
    "latestChapterTime": 1618554271643,
    "latestChapterTitle": "师兄漫画即将上线",
    "name": "我师兄实在太稳健了",
    "order": 4,
    "origin": "https://app1.youzibank.com",
    "originName": "🍺 有兔",
    "originOrder": -130133,
    "readConfig": {
      "delParagraph": 0,
      "delTag": 0,
      "imageStyle": "DEFAULT",
      "pageAnim": -1,
      "reSegment": false,
      "useReplaceRule": true
    },
    "tocUrl": "https://app1.youzibank.com/book/chapter/listAll?userId=376679&bookId=1154394",
    "totalChapterNum": 791,
    "type": 0,
    "wordCount": ""
  },
  {
    "author": "逆苍天",
    "bookUrl": "https://m.feiszw.com/book-710/",
    "canUpdate": true,
    "coverUrl": "https://m.feiszw.com/DownFiles/Book/BookCover/20120807054113_1535.gif",
    "durChapterIndex": 0,
    "durChapterPos": 362,
    "durChapterTime": 1618677867111,
    "durChapterTitle": "第一章 异世重生",
    "group": 1,
    "intro": "　　在这个人吃人的疯狂世界，神已无力回天，就让我踏着漫天诸神的累累尸骨来普渡这芸芸众生。\n　　……\n　　武者等级：后天、先天、人位、百劫、地位、涅槃、天位、通神、真神、神王。\n　　其余武技、炼药师、武器、丹药一律五级：凡级、玄级、灵级、圣级、神级。\n　　ps:vip书友群：35945514（进群需验证）杀神一群：117542617。杀神二群：7063592。杀神三群：96908746。",
    "kind": "奇幻玄幻,已完结",
    "lastCheckCount": 0,
    "lastCheckTime": 1618677862306,
    "latestChapterTime": 1618677865358,
    "latestChapterTitle": "第一千六百零八章 永恒不朽（全书终~~）",
    "name": "杀神",
    "order": 10,
    "origin": "https://m.feiszw.com",
    "originName": "🌸 飞速",
    "originOrder": -130945,
    "readConfig": {
      "delParagraph": 0,
      "delTag": 0,
      "pageAnim": -1,
      "reSegment": false,
      "useReplaceRule": true
    },
    "tocUrl": "https://www.feiszw.com/html/710/",
    "totalChapterNum": 1643,
    "type": 0,
    "wordCount": ""
  },
  {
    "author": "杀上苍穹",
    "bookUrl": "https://www.hbzxs.com/10/10717/",
    "canUpdate": true,
    "coverUrl": "https://img.maxreader.net/cover/d1/37/a9/d137a975aa2ae2359be1bd04b2b1e901.jpg",
    "durChapterIndex": 0,
    "durChapterPos": 0,
    "durChapterTime": 1618678098018,
    "durChapterTitle": "第一章 三鬼爷(上)",
    "group": 1,
    "intro": "这是实力为尊的时代，是一个等级森严唯有强者可以生存的时代。强者才有资格让别人遵守自己的戒律，也唯有强者，众人才会心甘情愿的惟命是从。本书等级制度：霸者，霸师，大霸师，霸灵，霸王，霸皇，霸宗，霸仙，霸尊，霸帝。 《帝霸》情节跌宕起伏、扣人心弦，帝霸是一本情节与文笔俱佳的同人小说,各位书友要是觉得帝霸最新章节还不错的话请不要忘记向您QQ群和微博里的朋友推荐哦！",
    "kind": "玄幻魔法,连载,2019-07-21",
    "lastCheckCount": 0,
    "lastCheckTime": 1618678048748,
    "latestChapterTime": 1618678050380,
    "latestChapterTitle": "第3717章佛帝城",
    "name": "帝霸",
    "order": 12,
    "origin": "https://www.hbzxs.com",
    "originName": "🌸 红本小说",
    "originOrder": -130930,
    "readConfig": {
      "delParagraph": 0,
      "delTag": 0,
      "imageStyle": "0",
      "pageAnim": -1,
      "reSegment": false,
      "useReplaceRule": true
    },
    "tocUrl": "https://www.hbzxs.com/10/10717/",
    "totalChapterNum": 3472,
    "type": 0,
    "wordCount": "1212 万字 2019-07-21"
  },
  {
    "author": "写字板",
    "bookUrl": "https://www.fpzw.org/5671/",
    "canUpdate": true,
    "coverUrl": "https://www.kakakids.com/images/33/33581.jpg",
    "durChapterIndex": 1025,
    "durChapterPos": 3240,
    "durChapterTime": 1618680595876,
    "durChapterTitle": "第一千零二十九章目标神器",
    "group": 1,
    "intro": "重生异界的军校高材生，拥有了召唤星辰天女的能力。为了解开星辰天女族损落之谜，也为了能够回到自己的家乡，他开始带着美女军团，崛起当世，以无敌的姿态，横扫一切~~~\n　　各位书友要是觉得《召唤美女军团》还不错的话请不要忘记向您QQ群和微博里的朋友推荐哦！",
    "kind": "玄幻小说",
    "lastCheckCount": 0,
    "lastCheckTime": 1618677787006,
    "latestChapterTime": 1618677788827,
    "latestChapterTitle": "第一千零二十九章目标神器",
    "name": "召唤美女军团",
    "order": 9,
    "origin": "https://www.2kxs.com",
    "originName": "📡 2K小说™",
    "originOrder": -131060,
    "readConfig": {
      "delParagraph": 0,
      "delTag": 0,
      "pageAnim": -1,
      "reSegment": false,
      "useReplaceRule": true
    },
    "tocUrl": "https://www.fpzw.org/xiaoshuo/5/5671/",
    "totalChapterNum": 1026,
    "type": 0,
    "wordCount": ""
  },
  {
    "author": "逆苍天",
    "bookUrl": "https://www.yoduzw.com/book/17349/",
    "canUpdate": true,
    "coverUrl": "https://bookcover.yuewen.com/qdbimg/349573/2817301/300",
    "durChapterIndex": 1805,
    "durChapterPos": 2906,
    "durChapterTime": 1618678139191,
    "durChapterTitle": "第1841章 开启新时代！（大结局）",
    "group": 1,
    "intro": "　　最近更新:2020-04-04\n　　三万年前，自称为“神”的搏天族入侵灵域，百族奋起反抗，最终惨败，人族率先投诚，百族随后相继臣服。\n　　之后万年，所有种族皆被搏天族奴役，被严酷对待，生活在恐怖阴影中。\n　　搏天族征伐脚步，并未就此停止，以灵域为起始冲入各大秘境空间，四处树敌开战，战力消耗巨大，终被百族觅到机会一举击溃，不得不远遁域外星空。\n　　三万年后，在搏天族已成为古老传说的时代，一个怀有搏天族血脉的失忆少年，被寄养在一个小小家族，苟延残喘着，静候血脉觉醒的那一天到来。\n　　……",
    "kind": "玄幻小说,完本",
    "lastCheckCount": 0,
    "lastCheckTime": 1618677913785,
    "latestChapterTime": 1618677915582,
    "latestChapterTitle": "第1841章 开启新时代！（大结局）",
    "name": "灵域",
    "order": 11,
    "origin": "https://www.yoduzw.com#j_list_container li",
    "originName": "📡 有度",
    "originOrder": -131063,
    "readConfig": {
      "delParagraph": 0,
      "delTag": 0,
      "imageStyle": "full",
      "pageAnim": -1,
      "reSegment": false,
      "useReplaceRule": true
    },
    "tocUrl": "https://www.yoduzw.com/book/17349/",
    "totalChapterNum": 1806,
    "type": 0,
    "wordCount": "596.9万"
  },
  {
    "author": "写字板",
    "bookUrl": "https://app.youzibank.com/book/chapter/listAll?bookId=364931",
    "canUpdate": true,
    "coverUrl": "https://m.chenxixsw.com/file/spic/43a7d933c895d143a36c071174f082025aaf07ed.jpg",
    "durChapterIndex": 951,
    "durChapterPos": 3148,
    "durChapterTime": 1618678156704,
    "durChapterTitle": "第九百五十四节大结局",
    "group": 1,
    "intro": "　　一个在门派里被欺负的小胖子，依靠亡故父母遗留的法宝，修炼出绝世混沌五行雷术，逐渐崛起江湖。\n　　癸水神雷，丙火神雷，乙木神雷，戊土神雷，庚金神雷，小五行混元神雷，大五行灭绝神雷，紫宵神雷，太清神雷，昊天叱咤神雷，太极阴阳正气神雷~\n　　贫道曰：“凡有不服者，一概五雷轰顶~”\n　　新书《召唤美女军团》已经上传~",
    "kind": "武侠 - 传统武侠",
    "lastCheckCount": 0,
    "lastCheckTime": 1618677712167,
    "latestChapterTime": 1618677720022,
    "latestChapterTitle": "本人新书召唤美女军团已经上传",
    "name": "混沌雷修",
    "order": 8,
    "origin": "https://app.youzibank.com",
    "originName": "📡 有兔阅读",
    "originOrder": -131061,
    "readConfig": {
      "delParagraph": 0,
      "delTag": 0,
      "imageStyle": "0",
      "pageAnim": -1,
      "reSegment": false,
      "useReplaceRule": true
    },
    "tocUrl": "https://app.youzibank.com/book/chapter/listAll?bookId=364931",
    "totalChapterNum": 953,
    "type": 0,
    "wordCount": "337.4万字"
  },
  {
    "author": "唐家三少",
    "bookUrl": "https://www.yoduzw.com/book/15211/",
    "canUpdate": true,
    "coverUrl": "https://www.yoduzw.com/files/article/image/15/15211/15211s.jpg",
    "durChapterIndex": 0,
    "durChapterPos": 0,
    "durChapterTime": 1618678213777,
    "durChapterTitle": "第一章 梦幻城中的艳遇",
    "group": 1,
    "intro": "　　最近更新:2020-03-30\n　　黑暗异能充满了吞噬的力量，空间异能充满了神秘的力量。\n　　两种不同的能力，同时出现在一个人的身上\n　　眼神也可以杀人么？那是空间的力量。\n　　男人也会被美女强奸么？那是主角的命运。\n　　充满诱惑的吸血鬼美女，光明圣洁的异能者圣女，充满神秘气息的灵魂祭祀魔女，她们，都将出现在主角周围，并改变着他的命运。",
    "kind": "都市小说,完本",
    "lastCheckCount": 0,
    "lastCheckTime": 1618678184362,
    "latestChapterTime": 1618678186263,
    "latestChapterTitle": "第二百零八章 毁灭·黑洞的产生",
    "name": "空速星痕",
    "order": 13,
    "origin": "https://www.yoduzw.com#j_list_container li",
    "originName": "📡 有度",
    "originOrder": -131063,
    "readConfig": {
      "delParagraph": 0,
      "delTag": 0,
      "imageStyle": "full",
      "pageAnim": -1,
      "reSegment": false,
      "useReplaceRule": true
    },
    "tocUrl": "https://www.yoduzw.com/book/15211/",
    "totalChapterNum": 208,
    "type": 0,
    "wordCount": "173.9万"
  },
  {
    "author": "天蚕土豆",
    "bookUrl": "https://www.fpzw.org/xiaoshuo/106/106526/",
    "canUpdate": true,
    "coverUrl": "https://c.f95.net/images/book/2020/02/04/102206544.jpg",
    "durChapterIndex": 4,
    "durChapterPos": 0,
    "durChapterTime": 1618820452372,
    "durChapterTitle": "第五章 齐岳，柳溪",
    "group": 0,
    "intro": "",
    "kind": "元尊",
    "lastCheckCount": 0,
    "lastCheckTime": 1618678435473,
    "latestChapterTime": 1618678436973,
    "latestChapterTitle": "完结感言",
    "name": "元尊",
    "order": 14,
    "origin": "https://www.2kxs.com",
    "originName": "📡 2K小说™",
    "originOrder": -131060,
    "readConfig": {
      "delParagraph": 0,
      "delTag": 0,
      "pageAnim": -1,
      "reSegment": false,
      "useReplaceRule": true
    },
    "tocUrl": "https://www.fpzw.org/xiaoshuo/106/106526/",
    "totalChapterNum": 1499,
    "type": 0,
    "wordCount": ""
  },
  {
    "author": "天蚕土豆",
    "bookUrl": "https://app.youzibank.com/book/chapter/listAll?bookId=626165",
    "canUpdate": true,
    "coverUrl": "https://book.chengxinqinye.com/book/3923/C086CC2BE9338BEB7216AB3B4828D25D/C086CC2BE9338BEB7216AB3B4828D25D.jpg",
    "durChapterIndex": 0,
    "durChapterPos": 0,
    "durChapterTime": 1618678490965,
    "durChapterTitle": "第一章 陨落的天才",
    "group": 1,
    "intro": "心潮澎湃，无限幻想，迎风挥击千层浪，少年不败热血！",
    "kind": "玄幻 - 斗气世界",
    "lastCheckCount": 1664,
    "lastCheckTime": 1618678490965,
    "latestChapterTime": 1618678496410,
    "latestChapterTitle": "新书元尊已在起点上传，欢迎大家阅读。",
    "name": "斗破苍穹",
    "order": 15,
    "origin": "https://app.youzibank.com",
    "originName": "📡 有兔阅读",
    "originOrder": -131061,
    "tocUrl": "https://app.youzibank.com/book/chapter/listAll?bookId=626165",
    "totalChapterNum": 1664,
    "type": 0,
    "wordCount": "560.1万字"
  },
  {
    "author": "天蚕土豆",
    "bookUrl": "https://app.youzibank.com/book/chapter/listAll?bookId=393871",
    "canUpdate": true,
    "coverUrl": "https://book.chengxinqinye.com/book/74/aa5f58ea72542e440db750aee21e4e3f.jpg",
    "durChapterIndex": 0,
    "durChapterPos": 0,
    "durChapterTime": 1618678514257,
    "durChapterTitle": "第一章 林动",
    "group": 1,
    "intro": "修炼一途，乃窃阴阳，夺造化，转涅盘，握生死，掌轮回。武之极，破苍穹，动乾坤！",
    "kind": "玄幻 - 东方玄幻",
    "lastCheckCount": 0,
    "lastCheckTime": 1618678500770,
    "latestChapterTime": 1618678504295,
    "latestChapterTitle": "新书大主宰已发。",
    "name": "武动乾坤",
    "order": 16,
    "origin": "https://app.youzibank.com",
    "originName": "📡 有兔阅读",
    "originOrder": -131061,
    "readConfig": {
      "delParagraph": 0,
      "delTag": 0,
      "imageStyle": "0",
      "pageAnim": -1,
      "reSegment": false,
      "useReplaceRule": true
    },
    "tocUrl": "https://app.youzibank.com/book/chapter/listAll?bookId=393871",
    "totalChapterNum": 1318,
    "type": 0,
    "wordCount": "406.7万字"
  },
  {
    "author": "天蚕土豆",
    "bookUrl": "https://app.youzibank.com/book/chapter/listAll?bookId=366875",
    "canUpdate": true,
    "coverUrl": "https://book.chengxinqinye.com/book/102/d6347c18e3ada88b081c1c5c63e371ee.jpg",
    "durChapterIndex": 0,
    "durChapterPos": 0,
    "durChapterTime": 1618678524225,
    "durChapterTitle": "第一章 北灵院",
    "group": 1,
    "intro": "　　大千世界，位面交汇，万族林立，群雄荟萃，一位位来自下位面的天之至尊，在这无尽世界，演绎着令人向往的传奇，追求着那主宰之路。\n　　无尽火域，炎帝执掌，万火焚苍穹。\n　　武境之内，武祖之威，震慑乾坤。\n　　西天之殿，百战之皇，战威无可敌。\n　　北荒之丘，万墓之地，不死之主镇天地。",
    "kind": "玄幻 - 异世大陆",
    "lastCheckCount": 1565,
    "lastCheckTime": 1618678524225,
    "latestChapterTime": 1618678532740,
    "latestChapterTitle": "第一千五百五十一章 邪神陨落（大结局）",
    "name": "大主宰",
    "order": 17,
    "origin": "https://app.youzibank.com",
    "originName": "📡 有兔阅读",
    "originOrder": -131061,
    "tocUrl": "https://app.youzibank.com/book/chapter/listAll?bookId=366875",
    "totalChapterNum": 1565,
    "type": 0,
    "wordCount": "556.5万字"
  },
  {
    "author": "天蚕土豆",
    "bookUrl": "https://app.youzibank.com/book/chapter/listAll?bookId=529081",
    "canUpdate": true,
    "coverUrl": "https://book.chengxinqinye.com/book/15/99cd926ac6d49913d019dd9cd66898c3.jpg",
    "durChapterIndex": 0,
    "durChapterPos": 0,
    "durChapterTime": 1618678536218,
    "durChapterTitle": "第一卷初临异世 第一章 赶上穿越潮流了？",
    "group": 1,
    "intro": "一位少年，在异界创下的成功之路。新时代的屌丝男刘枫追赶着穿越潮流机缘巧合之下穿越进入这个奇幻的世界，夜阑大陆这个剑与魔法并存的世界上刘枫画上了他浓墨重彩的一笔。",
    "kind": "玄幻 - 异世大陆",
    "lastCheckCount": 788,
    "lastCheckTime": 1618678536218,
    "latestChapterTime": 1618678540578,
    "latestChapterTitle": "后记恶搞之天蚕土豆",
    "name": "魔兽剑圣异界纵横",
    "order": 18,
    "origin": "https://app.youzibank.com",
    "originName": "📡 有兔阅读",
    "originOrder": -131061,
    "tocUrl": "https://app.youzibank.com/book/chapter/listAll?bookId=529081",
    "totalChapterNum": 788,
    "type": 0,
    "wordCount": "252.9万字"
  },
  {
    "author": "圣骑士的传说",
    "bookUrl": "https://www.yoduzw.com/book/17900/",
    "canUpdate": true,
    "coverUrl": "https://www.yoduzw.com/files/article/image/17/17900/17900s.jpg",
    "durChapterIndex": 3107,
    "durChapterPos": 2311,
    "durChapterTime": 1618678779878,
    "durChapterTitle": "第3170章 霸妹和钓鱼",
    "group": 1,
    "intro": "　　最近更新:2020-08-03\n　　某天，宋书航意外加入了一个仙侠中二病资深患者的交流群，里面的群友们都以‘道友’相称，群名片都是各种府主、洞主、真人、天师。连群主走失的宠物犬都称为大妖犬离家出走。整天聊的是炼丹、闯秘境、炼功经验啥的。\n　　突然有一天，潜水良久的他突然发现……群里每一个群员，竟然全部是修真者，能移山倒海、长生千年的那种！\n　　啊啊啊啊，世界观在一夜间彻底崩碎啦！",
    "kind": "都市小说,完本",
    "lastCheckCount": 0,
    "lastCheckTime": 1618678716055,
    "latestChapterTime": 1618678718131,
    "latestChapterTitle": "第3170章 霸妹和钓鱼",
    "name": "修真聊天群",
    "order": 19,
    "origin": "https://www.yoduzw.com#j_list_container li",
    "originName": "📡 有度",
    "originOrder": -131063,
    "readConfig": {
      "delParagraph": 0,
      "delTag": 0,
      "imageStyle": "full",
      "pageAnim": -1,
      "reSegment": false,
      "useReplaceRule": true
    },
    "tocUrl": "https://www.yoduzw.com/book/17900/",
    "totalChapterNum": 3108,
    "type": 0,
    "wordCount": "1023.1万"
  },
  {
    "author": "zxc2474859",
    "bookUrl": "http://m.shubao202.com/book/21203?21203",
    "canUpdate": true,
    "coverUrl": "http://m.shubao202.com/cover/21/21203.jpg",
    "durChapterIndex": 764,
    "durChapterPos": 421,
    "durChapterTime": 1618679142625,
    "durChapterTitle": "第 765 部分",
    "group": 1,
    "intro": "　　作者：萧潜第一集 误入天庭 第一章「李总，您的电话，是全通公司曾总。」秘书小玉一直不明白自己公司的李强总经理，如此精明的人为什麽喜欢和这个曾总混在一起，这个全通公司是一家标准的空壳公司，而公司老总曾伟光绝对是混世魔王，心里叹息一声又想：「老总的事，不是我们小职员可以问的。」摇摇头又忙自己的工作去了。总经理的为人公司上下都很佩服，他凭著闯劲，一个人以极少的资金创办这家贸易公司，从一无所有到拥有这家上千万资产的公司，只用了短短的六年时间，在商界虽然有很多人嫉妒，但是也不",
    "lastCheckCount": 0,
    "lastCheckTime": 1618679054803,
    "latestChapterTime": 1618679056652,
    "latestChapterTitle": "查看书评",
    "name": "飘淼之旅",
    "order": 20,
    "origin": "http://m.shubao202.com",
    "originName": "🚬 第二书包网",
    "originOrder": -129340,
    "readConfig": {
      "delParagraph": 0,
      "delTag": 0,
      "pageAnim": -1,
      "reSegment": false,
      "useReplaceRule": true
    },
    "tocUrl": "http://m.shubao202.com/book/21203?21203",
    "totalChapterNum": 972,
    "type": 0,
    "wordCount": ""
  },
  {
    "author": "风凌天下",
    "bookUrl": "https://www.yoduzw.com/book/2207/",
    "canUpdate": true,
    "coverUrl": "https://bookcover.yuewen.com/qdbimg/349573/1524659/300",
    "durChapterIndex": 1,
    "durChapterPos": 0,
    "durChapterTime": 1618820847407,
    "durChapterTitle": "第2章 君莫邪",
    "group": 1,
    "intro": "　　最近更新:2020-03-21\n　　世间毁誉，世人冷眼，与我何干？我自淡然一笑；以吾本性，快意恩仇，以吾本心，遨游世间，我命由我不由天\n　　！\n　　一代牛人穿越异界，看其如何踏上异世巅峰，成为一代邪君！",
    "kind": "玄幻小说,完本",
    "lastCheckCount": 0,
    "lastCheckTime": 1618679233502,
    "latestChapterTime": 1618679235092,
    "latestChapterTitle": "完本感言",
    "name": "异世邪君",
    "order": 21,
    "origin": "https://www.yoduzw.com#j_list_container li",
    "originName": "📡 有度",
    "originOrder": -131063,
    "readConfig": {
      "delParagraph": 0,
      "delTag": 0,
      "imageStyle": "full",
      "pageAnim": -1,
      "reSegment": false,
      "useReplaceRule": true
    },
    "tocUrl": "https://www.yoduzw.com/book/2207/",
    "totalChapterNum": 1254,
    "type": 0,
    "wordCount": "465.1万"
  },
  {
    "author": "我吃西红柿",
    "bookUrl": "https://app.youzibank.com/book/chapter/listAll?bookId=865391",
    "canUpdate": true,
    "coverUrl": "https://book.chengxinqinye.com/book/3613/74D618D6AB6FD21D616D0619A32CD259/74D618D6AB6FD21D616D0619A32CD259.jpg",
    "durChapterIndex": 0,
    "durChapterPos": 0,
    "durChapterTime": 1618679389425,
    "durChapterTitle": "第一章 罗峰",
    "group": 1,
    "intro": "　　继《九鼎记》《盘龙》《星辰变》《寸芒》《星峰传说》后，番茄的第六本书！※※※※※※番茄第六部小说《吞噬星空》，将为大家展现出一个浩瀚广阔、神秘莫测的未来世界\n　　各位书友要是觉得《吞噬星空》还不错的话请不要忘记向您QQ群和微博里的朋友推荐哦！",
    "kind": "科幻 - 未来世界",
    "lastCheckCount": 1488,
    "lastCheckTime": 1618679389425,
    "latestChapterTime": 1618679403336,
    "latestChapterTitle": "《吞噬星空》完本免费看啦!",
    "name": "吞噬星空",
    "order": 24,
    "origin": "https://app.youzibank.com",
    "originName": "📡 有兔阅读",
    "originOrder": -131061,
    "tocUrl": "https://app.youzibank.com/book/chapter/listAll?bookId=865391",
    "totalChapterNum": 1488,
    "type": 0,
    "wordCount": "601.3万字"
  },
  {
    "author": "唐家三少",
    "bookUrl": "https://www.yoduzw.com/book/15215/?for-search",
    "canUpdate": true,
    "coverUrl": "https://www.yoduzw.com/files/article/image/15/15215/15215s.jpg",
    "durChapterIndex": 0,
    "durChapterPos": 0,
    "durChapterTime": 1618679442834,
    "durChapterTitle": "引子 穿越的唐家三少",
    "group": 1,
    "intro": "　　最近更新:2020-03-30\n　　唐门外门弟子唐三，因偷学内门绝学为唐门所不容，跳崖明志时却来到了另一个世界。一个属于武魂的世界——斗罗大陆。\n　　这里没有魔法，没有斗气，没有武术，却有神奇的武魂。这里的每个人，在自己六岁的时候，都会在武魂殿中令武魂觉醒。武魂有动物，有植物，有器物，它们可以辅助人们的日常生活。而其中一些特别出色的武魂却可以用来修炼，这个职业，是斗罗大陆上最为强大也是最重要的职业——魂师。\n　　当唐门暗器来到斗罗大陆，当唐三武魂觉醒。他能否在这片武魂的世界重塑唐门辉煌？",
    "kind": "玄幻小说,完本",
    "lastCheckCount": 333,
    "lastCheckTime": 1618679442834,
    "latestChapterTime": 1618679444158,
    "latestChapterTitle": "第三百三十六章 大结局,最后一个条件",
    "name": "斗罗大陆",
    "order": 25,
    "origin": "https://www.yoduzw.com#j_list_container li",
    "originName": "📡 有度",
    "originOrder": -131063,
    "tocUrl": "https://www.yoduzw.com/book/15215/?for-search=",
    "totalChapterNum": 333,
    "type": 0,
    "wordCount": "312.2万"
  },
  {
    "author": "辰东",
    "bookUrl": "https://www.yoduzw.com/book/15188/?for-search",
    "canUpdate": true,
    "coverUrl": "https://www.yoduzw.com/files/article/image/15/15188/15188s.jpg",
    "durChapterIndex": 0,
    "durChapterPos": 0,
    "durChapterTime": 1618679469905,
    "durChapterTitle": "第1章 星空中的青铜巨棺",
    "group": 1,
    "intro": "　　最近更新:2020-03-30\n　　冰冷与黑暗并存的宇宙深处，九具庞大的龙尸拉着一口青铜古棺，亘古长存。\n　　这是太空探测器在枯寂的宇宙中捕捉到的一幅极其震撼的画面。\n　　九龙拉棺，究竟是回到了上古，还是来到了星空的彼岸？\n　　一个浩大的仙侠世界，光怪陆离，神秘无尽。热血似火山沸腾，激情若瀚海汹涌，欲望如深渊无止境……\n　　登天路，踏歌行，弹指遮天。",
    "kind": "玄幻小说,完本",
    "lastCheckCount": 1786,
    "lastCheckTime": 1618679469905,
    "latestChapterTime": 1618679472041,
    "latestChapterTitle": "第1821章 遮天大结局",
    "name": "遮天",
    "order": 26,
    "origin": "https://www.yoduzw.com#j_list_container li",
    "originName": "📡 有度",
    "originOrder": -131063,
    "tocUrl": "https://www.yoduzw.com/book/15188/?for-search=",
    "totalChapterNum": 1786,
    "type": 0,
    "wordCount": "742.1万"
  },
  {
    "author": "耳根",
    "bookUrl": "https://app.youzibank.com/book/chapter/listAll?bookId=1104409",
    "canUpdate": true,
    "coverUrl": "https://book.chengxinqinye.com/book/youtu/vlm41dak5wr53/collect/3248/EC6157623AD27717F61FEDBDE616D0EE/EC6157623AD27717F61FEDBDE616D0EE.jpg",
    "durChapterIndex": 0,
    "durChapterPos": 0,
    "durChapterTime": 1618679546526,
    "durChapterTitle": "第一章 书生孟浩",
    "group": 1,
    "intro": "　　我若要有，天不可无。我若要无，天不许有！   这是一个起始于第八山与第九山之间的故事，一个“我命如妖欲封天”的世界！",
    "kind": "玄幻 - 东方玄幻",
    "lastCheckCount": 1623,
    "lastCheckTime": 1618679546526,
    "latestChapterTime": 1618679551047,
    "latestChapterTitle": "第十卷 我看沧海化桑田 第1614章 孤帆一片日边来！（终）",
    "name": "我欲封天",
    "order": 28,
    "origin": "https://app.youzibank.com",
    "originName": "📡 有兔阅读",
    "originOrder": -131061,
    "tocUrl": "https://app.youzibank.com/book/chapter/listAll?bookId=1104409",
    "totalChapterNum": 1623,
    "type": 0,
    "wordCount": "557.1万字"
  },
  {
    "author": "辰东",
    "bookUrl": "https://app.youzibank.com/book/chapter/listAll?bookId=528995",
    "canUpdate": true,
    "coverUrl": "https://book.chengxinqinye.com/book/23/b8ef641becbf299bc2598549260014e7.jpg",
    "durChapterIndex": 0,
    "durChapterPos": 0,
    "durChapterTime": 1618679629180,
    "durChapterTitle": "上架公告",
    "group": 1,
    "intro": "《神墓》为著名网络小说作者辰东的成名作，是其处女作《不死不灭》的续集。该书以主角辰南寻找万年前爱人雨馨、追索神魔灭亡遗秘的行迹为线索，引出浩茫六道、天地棋局，演绎出一部充满热血、壮烈、凄美的传奇，道说出无数英雄佳人的传说，并对人性、社会、生命等元素进行了些许探讨，令人读后不仅为之感动激发，且余味无穷，回思不断，可谓网络小说中上佳之品。",
    "kind": "玄幻 - 东方玄幻",
    "lastCheckCount": 776,
    "lastCheckTime": 1618679629180,
    "latestChapterTime": 1618679631166,
    "latestChapterTitle": "第五一三章 大结局",
    "name": "神墓",
    "order": 31,
    "origin": "https://app.youzibank.com",
    "originName": "📡 有兔阅读",
    "originOrder": -131061,
    "tocUrl": "https://app.youzibank.com/book/chapter/listAll?bookId=528995",
    "totalChapterNum": 776,
    "type": 0,
    "wordCount": "308.2万字"
  },
  {
    "author": "辰东",
    "bookUrl": "https://www.hbzxs.com/8/8605/",
    "canUpdate": true,
    "coverUrl": "https://img.hoceg.com/0/606/606s.jpg",
    "durChapterIndex": 0,
    "durChapterPos": 6107,
    "durChapterTime": 1619233932211,
    "durChapterTitle": "山海经（一）",
    "group": 0,
    "intro": "世上谁人能不死？任你风华绝代，艳冠天下，到头来也是红粉骷髅；任你一代天骄，坐拥万里江山，到头来也终将化成一抔黄土。不过，关于长生不死的传说却始终流传于世。故老相传，脱于人世间之外，有一个浩大的长生界……",
    "kind": "玄幻魔法,连载,2018-01-22",
    "lastCheckCount": 0,
    "lastCheckTime": 1618679675145,
    "latestChapterTime": 1618679675820,
    "latestChapterTitle": "我的新书《圣墟》已上传",
    "name": "长生界",
    "order": 32,
    "origin": "https://www.hbzxs.com",
    "originName": "🌸 红本小说",
    "originOrder": -130930,
    "readConfig": {
      "delParagraph": 0,
      "delTag": 0,
      "imageStyle": "0",
      "pageAnim": -1,
      "reSegment": false,
      "useReplaceRule": true
    },
    "tocUrl": "https://www.hbzxs.com/8/8605/",
    "totalChapterNum": 756,
    "type": 0,
    "wordCount": "348 万字 2018-01-22"
  },
  {
    "author": "辰东",
    "bookUrl": "https://app.youzibank.com/book/chapter/listAll?bookId=1205570",
    "canUpdate": true,
    "coverUrl": "https://book.chengxinqinye.com/book/youtu/vlm41dak5wr53/collect/1158/B06D21FB8B73150822F55C8C617517A8/B06D21FB8B73150822F55C8C617517A8.jpg",
    "durChapterIndex": 0,
    "durChapterPos": 0,
    "durChapterTime": 1618679605945,
    "durChapterTitle": "第一章 沙漠中的彼岸花",
    "group": 1,
    "intro": "在破败中崛起，在寂灭中复苏。沧海成尘，雷电枯竭，那一缕幽雾又一次临近大地，世间的枷锁被打开了，一个全新的世界就此揭开神秘的一角……",
    "kind": "玄幻 - 东方玄幻",
    "lastCheckCount": 1680,
    "lastCheckTime": 1618679605945,
    "latestChapterTime": 1618679613833,
    "latestChapterTitle": "第二次结局圆满了，新书5月1日见",
    "name": "圣墟",
    "order": 30,
    "origin": "https://app.youzibank.com",
    "originName": "📡 有兔阅读",
    "originOrder": -131061,
    "tocUrl": "https://app.youzibank.com/book/chapter/listAll?bookId=1205570",
    "totalChapterNum": 1680,
    "type": 0,
    "wordCount": "673万字"
  },
  {
    "author": "江南",
    "bookUrl": "https://www.zhaishuyuan.com/book/2355",
    "canUpdate": true,
    "coverUrl": "https://img.zhaishuyuan.com/bookpic/s2355.jpg",
    "durChapterIndex": 0,
    "durChapterPos": 0,
    "durChapterTime": 1618679897038,
    "durChapterTitle": "序幕 白帝城",
    "group": 1,
    "intro": "　　一个关于龙的故事！\n　　一封神秘的入学通知书，一次充满未知的旅途，懵懂而身负使命的少年路明非，神奇而又充满诡异的卡塞尔学院。。。。\n　　一切谜团的背后，隐隐透出远古的身影----龙！\n　　故事讲叙了少年路明非在申请国外大学时收到了来自芝加哥大学---远郊处的一所私立大学：卡塞尔学院的邀请函，随着路明非同学坐上去往芝加哥的秘密快车，关于龙族的序幕从而慢慢揭开。",
    "kind": "寻墓探险,完结",
    "lastCheckCount": 0,
    "lastCheckTime": 1618679870353,
    "latestChapterTime": 1618679871768,
    "latestChapterTitle": "尾声",
    "name": "龙族",
    "order": 33,
    "origin": "https://www.zhaishuyuan.com#sitembox dl",
    "originName": "📡 斋书苑ⓒ",
    "originOrder": -131056,
    "readConfig": {
      "delParagraph": 0,
      "delTag": 0,
      "pageAnim": -1,
      "reSegment": false,
      "useReplaceRule": true
    },
    "tocUrl": "https://www.zhaishuyuan.com/read/2355",
    "totalChapterNum": 90,
    "type": 0,
    "wordCount": "185.6万字"
  },
  {
    "author": "李道然",
    "bookUrl": "https://www.idejian.com/book/12148825/",
    "canUpdate": true,
    "coverUrl": "https://bookbk.img.zhangyue01.com/idc_1/m_1,w_300,h_400/c3ae4d9e/group61/M00/79/7C/CmQUOV54k02EK5U7AAAAADT4FZs131601338.jpg?v=iLJHSJN_&t=CmQUOV54k00.",
    "durChapterIndex": 0,
    "durChapterPos": 0,
    "durChapterTime": 1618680158277,
    "durChapterTitle": "第一章 炼气五千年",
    "group": 1,
    "intro": "修炼了将近五千年的方羽，还是没有突破炼气期……“我真的只有炼气期，但你们别惹我！”",
    "kind": "异术超能,连载",
    "lastCheckCount": 30,
    "lastCheckTime": 1618680158277,
    "latestChapterTime": 1619671292369,
    "latestChapterTitle": "第两千五百五十四章 风中凌乱",
    "name": "史上最强炼气期",
    "order": 35,
    "origin": "https://www.idejian.com/nansheng",
    "originName": "📡 得间·男生",
    "originOrder": -131043,
    "tocUrl": "https://www.idejian.com/book/12148825/",
    "totalChapterNum": 2553,
    "type": 0,
    "wordCount": ""
  },
  {
    "author": "莫默",
    "bookUrl": "https://www.fpzw.org/14005/",
    "canUpdate": true,
    "coverUrl": "https://www.fpzw.org/files/article/image/14/14005/14005s.jpg",
    "durChapterIndex": 0,
    "durChapterPos": 3209,
    "durChapterTime": 1618680252163,
    "durChapterTitle": "第一章 扫地小厮",
    "group": 1,
    "intro": "武之巅峰，是孤独，是寂寞，是漫漫求索，是高处不胜寒　　逆境中成长，绝地里求生，不屈不饶，才能堪破武之极道。",
    "kind": "玄幻小说",
    "lastCheckCount": 16,
    "lastCheckTime": 1618680230121,
    "latestChapterTime": 1619671296730,
    "latestChapterTitle": "第五千八百三十五章 能打能跑",
    "name": "武炼巅峰",
    "order": 36,
    "origin": "https://www.2kxs.com",
    "originName": "📡 2K小说™",
    "originOrder": -131060,
    "readConfig": {
      "delParagraph": 0,
      "delTag": 0,
      "pageAnim": -1,
      "reSegment": false,
      "useReplaceRule": true
    },
    "tocUrl": "https://www.fpzw.org/xiaoshuo/14/14005/",
    "totalChapterNum": 5921,
    "type": 0,
    "wordCount": ""
  },
  {
    "author": "鱼人二代",
    "bookUrl": "http://m.xiaos8.com/xs/1526.html",
    "canUpdate": true,
    "coverUrl": "https://img.xiaos8.com/1526/76371.jpg",
    "durChapterIndex": 0,
    "durChapterPos": 0,
    "durChapterTime": 1618680419241,
    "durChapterTitle": "第1章 001．学委",
    "group": 1,
    "intro": "杨明是一名普通的学生，某一天，他收到一份礼物，一只神奇的眼镜，从此生活变得丰富多彩。 （鱼宝宝书友1群 333702438）",
    "kind": "都市生活,完结",
    "lastCheckCount": 2128,
    "lastCheckTime": 1618680419241,
    "latestChapterTime": 1618680422869,
    "latestChapterTitle": "第2128章 T17番外特别章（4）",
    "name": "很纯很暧昧",
    "order": 37,
    "origin": "http://m.xiaos8.com",
    "originName": "🌸 小说吧",
    "originOrder": -130939,
    "tocUrl": "http://m.xiaos8.com/shu/1526/",
    "totalChapterNum": 2128,
    "type": 0,
    "wordCount": "669 万字"
  },
  {
    "author": "上尉",
    "bookUrl": "http://shenma.cread.com/book/813300042.html",
    "canUpdate": true,
    "coverUrl": "https://images-pro.cread.com/211/images/813300042.jpg",
    "durChapterIndex": 0,
    "durChapterPos": 0,
    "durChapterTime": 1618681300707,
    "group": 1,
    "intro": "秦逸辰是修仙界大名鼎鼎的玄极天尊，渡劫时意外陨落，却让他重生回了地球，历经千年修行，他早已不是当年那个懦弱无能的书呆子！这一世，他弑佛杀神、我行我素，誓要在这繁华大都市中问道求仙，做这世间的最强者！",
    "kind": "都市小说,重生,热血,校园,爽文",
    "lastCheckCount": 0,
    "lastCheckTime": 1618681300707,
    "latestChapterTime": 1618681300707,
    "latestChapterTitle": "完本：第1317章 一步登仙",
    "name": "重生之都市仙尊",
    "order": 38,
    "origin": "http://shenma.cread.com",
    "originName": "📡 中文书城",
    "originOrder": -131020,
    "tocUrl": "http://shenma.cread.com/bookcatalog/813300042.html",
    "totalChapterNum": 0,
    "type": 0,
    "wordCount": "完本 | 423.80 万字"
  },
  {
    "author": "忘语",
    "bookUrl": "https://www.yoduzw.com/book/15236/?for-search",
    "canUpdate": true,
    "coverUrl": "https://www.yoduzw.com/files/article/image/15/15236/15236s.jpg",
    "durChapterIndex": 0,
    "durChapterPos": 429,
    "durChapterTime": 1618681659604,
    "durChapterTitle": "第一章 山边小村",
    "group": 1,
    "intro": "　　最近更新:2020-03-30\n　　凡人修仙传是忘语所撰的一部仙侠小说。小说讲述了一个普通的山村穷小子，偶然之下，跨入到一个江湖小门派，成了一名记名弟子。虽然资质平庸，但依靠自身努力和合理算计修炼成仙。\n　　一个普通山村小子，偶然下进入到当地江湖小门派，成了一名记名弟子。他以这样身份，如何在门派中立足,如何以平庸的资质进入到修仙者的行列，从而笑傲三界之中！\n　　修仙者按照境界划分，分为下境界、中境界以及上境界三大阶段。书中所讲的下境界包括了炼气、筑基、结丹、元婴、化神等五层，这些对有成仙潜质的人来说是小菜一碟。中境界有炼虚、...",
    "kind": "仙侠小说,完本",
    "lastCheckCount": 0,
    "lastCheckTime": 1618681646926,
    "latestChapterTime": 1618681649222,
    "latestChapterTitle": "韩立极西之地之行",
    "name": "凡人修仙传",
    "order": 39,
    "origin": "https://www.yoduzw.com#j_list_container li",
    "originName": "📡 有度",
    "originOrder": -131063,
    "readConfig": {
      "delParagraph": 0,
      "delTag": 0,
      "imageStyle": "full",
      "pageAnim": -1,
      "reSegment": false,
      "useReplaceRule": true
    },
    "tocUrl": "https://www.yoduzw.com/book/15236/?for-search=",
    "totalChapterNum": 2407,
    "type": 0,
    "wordCount": "812万"
  },
  {
    "author": "凌乱的小道",
    "bookUrl": "https://www.yoduzw.com/book/6818/",
    "canUpdate": true,
    "coverUrl": "https://www.yoduzw.com/files/article/image/6/6818/6818s.jpg",
    "durChapterIndex": 1,
    "durChapterPos": 390,
    "durChapterTime": 1618682025806,
    "durChapterTitle": "第二章 绝强血脉，不能修武！",
    "group": 1,
    "intro": "　　最近更新:2020-03-22\n　　热血澎湃的战斗，激情欲望的诱惑！美女，地位，实力，统统都会有的！\n　　天若欺我，我便捅破这天！地若压我，我便踏碎这地！\n　　大帝不是无敌的，而我战无不胜！大帝不是万能的，而我无所不能！\n　　帝羽重生天玄大陆，这是一个光怪陆离的世界，这是一个强者为尊的世界！\n　　身为帝家之人，却不能姓帝！父母究竟去了哪里？帝家究竟有什么惊天大秘？\n　　逐出家门，逐出师门，难道人人唾弃？天罚降世，地火焚身，难道天地愤恨？\n　　【等级划分：人极境，兵极境，将极境，侯极境，王极境，皇极境，星极境，天极境，道极境，帝极境】",
    "kind": "玄幻小说,完本",
    "lastCheckCount": 0,
    "lastCheckTime": 1618681999982,
    "latestChapterTime": 1618682002301,
    "latestChapterTitle": "第二千四百二十八章 新的开始（大结局）",
    "name": "帝道至尊",
    "order": 40,
    "origin": "https://www.yoduzw.com#j_list_container li",
    "originName": "📡 有度",
    "originOrder": -131063,
    "readConfig": {
      "delParagraph": 0,
      "delTag": 0,
      "imageStyle": "full",
      "pageAnim": -1,
      "reSegment": false,
      "useReplaceRule": true
    },
    "tocUrl": "https://www.yoduzw.com/book/6818/",
    "totalChapterNum": 2381,
    "type": 0,
    "wordCount": "841.9万"
  },
  {
    "author": "乱世狂刀",
    "bookUrl": "https://www.yoduzw.com/book/4298/",
    "canUpdate": true,
    "coverUrl": "https://www.yoduzw.com/files/article/image/4/4298/4298s.jpg",
    "durChapterIndex": 2,
    "durChapterPos": 0,
    "durChapterTime": 1618682107460,
    "durChapterTitle": "第0003章 关于记忆",
    "group": 1,
    "intro": "　　最近更新:2020-03-21\n　　高中生丁浩，一夜穿越成为无尽大陆北域雪州九大门派之一的问剑宗的微末小人物，两世灵魂的叠加，让他成为领悟力绝世的天才，后因机缘巧合，得到了上古神战遗落之天刀、绝剑的器灵，又经太初仙乳伐毛洗髓，成为刀剑双圣体，修炼刀法剑术具有先天优势。\n　　他拜入问剑宗，经过激烈竞争，不仅获得了天才美少女的亲睐，更成为九大门派当之无愧的第一人。当他以无敌之姿，走出雪州，角逐天下，一位位天才对手、一股股超级势力、一段段奇缘、一次次惊艳的战斗，让他最终依靠左手狂刀、右手天剑，屹立在了这个神奇世界的巅峰。\n　　当...",
    "kind": "玄幻小说,完本",
    "lastCheckCount": 0,
    "lastCheckTime": 1618682079986,
    "latestChapterTime": 1618682081415,
    "latestChapterTitle": "第1198章 大结局之后记",
    "name": "刀剑神皇",
    "order": 41,
    "origin": "https://www.yoduzw.com#j_list_container li",
    "originName": "📡 有度",
    "originOrder": -131063,
    "readConfig": {
      "delParagraph": 0,
      "delTag": 0,
      "imageStyle": "full",
      "pageAnim": -1,
      "reSegment": false,
      "useReplaceRule": true
    },
    "tocUrl": "https://www.yoduzw.com/book/4298/",
    "totalChapterNum": 1175,
    "type": 0,
    "wordCount": "390.4万"
  },
  {
    "author": "卖报小郎君",
    "bookUrl": "https://www.fpzw.org/125799/",
    "canUpdate": true,
    "coverUrl": "https://www.fpzw.org/files/article/image/125/125799/125799s.jpg",
    "durChapterIndex": 808,
    "durChapterPos": 3517,
    "durChapterTime": 1619668230073,
    "durChapterTitle": "第一百三十七章 瓦罐不离井上破",
    "group": 0,
    "intro": "这个世界，有儒；有道；有佛；有妖；有术士。警校毕业的许七安幽幽醒来，发现自己身处牢狱之中，三日后流放边陲.....他起初的目的只是自保，顺便在这个没有人权的社会里当个富家翁悠闲度日。......多年后，许七安回首前尘，身后是早已逝去的敌人，以及累累白骨。滚滚长江东逝水，浪花淘尽英雄，是非成败转头空。青山依旧在，几度夕阳红。PS：本书不悲剧！",
    "kind": "武侠小说",
    "lastCheckCount": 0,
    "lastCheckTime": 1618809512798,
    "latestChapterTime": 1619667531197,
    "latestChapterTitle": "第一百三十七章 瓦罐不离井上破",
    "name": "大奉打更人",
    "order": 2,
    "origin": "https://www.2kxs.com",
    "originName": "📡 2K小说™",
    "originOrder": -131060,
    "readConfig": {
      "delParagraph": 0,
      "delTag": 0,
      "imageStyle": "full",
      "pageAnim": -1,
      "reSegment": false,
      "useReplaceRule": true
    },
    "tocUrl": "https://www.fpzw.org/xiaoshuo/125/125799/",
    "totalChapterNum": 809,
    "type": 0,
    "wordCount": ""
  },
  {
    "author": "耳根",
    "bookUrl": "https://www.fpzw.org/xiaoshuo/0/31/",
    "canUpdate": true,
    "coverUrl": "http://img.9txs.com/69/78245.jpg",
    "durChapterIndex": 2,
    "durChapterPos": 833,
    "durChapterTime": 1618819393861,
    "durChapterTitle": "第3章 测试",
    "group": 1,
    "intro": "",
    "kind": "仙逆",
    "lastCheckCount": 0,
    "lastCheckTime": 1618679501150,
    "latestChapterTime": 1618679502694,
    "latestChapterTitle": "后记",
    "name": "仙逆",
    "order": 27,
    "origin": "https://www.2kxs.com",
    "originName": "📡 2K小说™",
    "originOrder": -131060,
    "readConfig": {
      "delParagraph": 0,
      "delTag": 0,
      "pageAnim": -1,
      "reSegment": false,
      "useReplaceRule": true
    },
    "tocUrl": "https://www.fpzw.org/xiaoshuo/0/31/",
    "totalChapterNum": 2121,
    "type": 0,
    "wordCount": ""
  },
  {
    "author": "我吃西红柿",
    "bookUrl": "https://www.fpzw.org/xiaoshuo/15/15524/",
    "canUpdate": true,
    "coverUrl": "http://www.biquge5200.com/files/article/image/0/27/27s.jpg",
    "durChapterIndex": 0,
    "durChapterPos": 0,
    "durChapterTime": 1618819410820,
    "durChapterTitle": "第一章 地府",
    "group": 1,
    "intro": "",
    "kind": "莽荒纪",
    "lastCheckCount": 0,
    "lastCheckTime": 1618679369850,
    "latestChapterTime": 1618679371227,
    "latestChapterTitle": "番茄新书《雪鹰领主》正式上传！",
    "name": "莽荒纪",
    "order": 23,
    "origin": "https://www.2kxs.com",
    "originName": "📡 2K小说™",
    "originOrder": -131060,
    "readConfig": {
      "delParagraph": 0,
      "delTag": 0,
      "pageAnim": -1,
      "reSegment": false,
      "useReplaceRule": true
    },
    "tocUrl": "https://www.fpzw.org/xiaoshuo/15/15524/",
    "totalChapterNum": 1464,
    "type": 0,
    "wordCount": ""
  },
  {
    "author": "跃千愁",
    "bookUrl": "https://www.fpzw.org/xiaoshuo/5/5337/",
    "canUpdate": true,
    "coverUrl": "https://yuedule.cn/uploads/novel/20200605/2acbcf79da3fd21f218a277b3e334d8c.jpg",
    "durChapterIndex": 2,
    "durChapterPos": 1245,
    "durChapterTime": 1618819425753,
    "durChapterTitle": "第三章 调养",
    "group": 1,
    "intro": "",
    "kind": "修真界败类",
    "lastCheckCount": 0,
    "lastCheckTime": 1618679283931,
    "latestChapterTime": 1618679285391,
    "latestChapterTitle": "第一一五九章 的杀招",
    "name": "修真界败类",
    "order": 22,
    "origin": "https://www.2kxs.com",
    "originName": "📡 2K小说™",
    "originOrder": -131060,
    "readConfig": {
      "delParagraph": 0,
      "delTag": 0,
      "pageAnim": -1,
      "reSegment": false,
      "useReplaceRule": true
    },
    "tocUrl": "https://www.fpzw.org/xiaoshuo/5/5337/",
    "totalChapterNum": 1295,
    "type": 0,
    "wordCount": ""
  },
  {
    "author": "净无痕",
    "bookUrl": "https://www.fpzw.org/107470/",
    "canUpdate": true,
    "coverUrl": "https://www.fpzw.org/files/article/image/107/107470/107470s.jpg",
    "durChapterIndex": 1958,
    "durChapterPos": 0,
    "durChapterTime": 1619172806182,
    "durChapterTitle": "第1957章 略懂一点",
    "group": 0,
    "intro": "东方神州，有人皇立道统，有圣贤宗门传道，有诸侯雄踞一方王国，诸强林立，神州动乱千万载，值此之时，一代天骄叶青帝及东凰大帝横空出世，东方神州一统！　　然，叶青帝忽然暴毙，世间雕像尽皆被毁，于世间除名，沦为禁忌；从此神州唯东凰大帝独尊！　　十五年后，东海青州城，一名为叶伏天的少年，开启了他的传奇之路…",
    "kind": "玄幻小说",
    "lastCheckCount": 5,
    "lastCheckTime": 1618820365210,
    "latestChapterTime": 1619667532805,
    "latestChapterTitle": "第2514章 讨债来了",
    "name": "伏天氏",
    "order": 6,
    "origin": "https://www.2kxs.com",
    "originName": "📡 2K小说™",
    "originOrder": -131060,
    "readConfig": {
      "delParagraph": 0,
      "delTag": 0,
      "imageStyle": "0",
      "pageAnim": -1,
      "reSegment": false,
      "useReplaceRule": true
    },
    "tocUrl": "https://www.fpzw.org/xiaoshuo/107/107470/",
    "totalChapterNum": 2518,
    "type": 0,
    "wordCount": ""
  },
  {
    "author": "辰东",
    "bookUrl": "https://www.fpzw.org/xiaoshuo/39/39951/",
    "canUpdate": true,
    "coverUrl": "http://img.9txs.com/54/73191.jpg",
    "durChapterIndex": 0,
    "durChapterPos": 1656,
    "durChapterTime": 1618820315786,
    "durChapterTitle": "第一章 朝气蓬勃",
    "group": 1,
    "intro": "",
    "kind": "完美世界",
    "lastCheckCount": 0,
    "lastCheckTime": 1618679596558,
    "latestChapterTime": 1618679598332,
    "latestChapterTitle": "我的新书《圣墟》已上传",
    "name": "完美世界",
    "order": 29,
    "origin": "https://www.2kxs.com",
    "originName": "📡 2K小说™",
    "originOrder": -131060,
    "readConfig": {
      "delParagraph": 0,
      "delTag": 0,
      "pageAnim": -1,
      "reSegment": false,
      "useReplaceRule": true
    },
    "tocUrl": "https://www.fpzw.org/xiaoshuo/39/39951/",
    "totalChapterNum": 2113,
    "type": 0,
    "wordCount": ""
  },
  {
    "author": "白天太白",
    "bookUrl": "http://www.wsskw.com/read/293564/",
    "canUpdate": true,
    "coverUrl": "https://bookcover.yuewen.com/qdbimg/349573/1023099668/300",
    "durChapterIndex": 319,
    "durChapterPos": 730,
    "durChapterTime": 1619141501647,
    "durChapterTitle": "第三百二十章 沃兹沃思的投名状",
    "group": 0,
    "intro": "",
    "lastCheckCount": 2,
    "lastCheckTime": 1618821453111,
    "latestChapterTime": 1619667567022,
    "latestChapterTitle": "第四百一十六章 矮人族的选择",
    "name": "我在魔法世界开创互联网时代",
    "order": 43,
    "origin": "http://www.wrltxt.com",
    "originName": "🌸 4020电子书",
    "originOrder": -130949,
    "readConfig": {
      "delParagraph": 0,
      "delTag": 0,
      "imageStyle": "0",
      "pageAnim": -1,
      "reSegment": false,
      "useReplaceRule": true
    },
    "tocUrl": "http://www.wsskw.com/read/293564/",
    "totalChapterNum": 417,
    "type": 0,
    "wordCount": ""
  },
  {
    "author": "会说话的肘子",
    "bookUrl": "https://app.youzibank.com/book/chapter/listAll?bookId=1207704",
    "canUpdate": true,
    "coverUrl": "https://book.chengxinqinye.com/book/youtu/vlm41dak5wr53/collect/2267/CC587425190322413512F8AEF77D333C/CC587425190322413512F8AEF77D333C.jpg",
    "durChapterIndex": 1,
    "durChapterPos": 0,
    "durChapterTime": 1619055774141,
    "durChapterTitle": "2、倒计时",
    "group": 0,
    "intro": "蓝与紫的霓虹中，浓密的钢铁苍穹下，数据洪流的前端，是科技革命之后的世界，也是现实与虚幻的分界。 钢铁与身体，过去与未来。 这里，表世界与里世界并存，面前的一切，像是时间之墙近在眼前。 黑暗逐渐笼罩。 可你要明白啊我的朋友，我们不能用温柔去应对黑暗，要用火。 起点 位面  坚毅  学生  强者回归  无敌文",
    "kind": "都市 - 都市高手",
    "lastCheckCount": 13,
    "lastCheckTime": 1619053699320,
    "latestChapterTime": 1619667543140,
    "latestChapterTitle": "第一个单章",
    "name": "夜的命名术",
    "order": 44,
    "origin": "https://app.youzibank.com",
    "originName": "📡 有兔阅读",
    "originOrder": -131061,
    "readConfig": {
      "delParagraph": 0,
      "delTag": 0,
      "imageStyle": "0",
      "pageAnim": -1,
      "reSegment": false,
      "useReplaceRule": true
    },
    "tocUrl": "https://app.youzibank.com/book/chapter/listAll?bookId=1207704",
    "totalChapterNum": 40,
    "type": 0,
    "wordCount": "2.9万字"
  },
  {
    "author": "突然光和热",
    "bookUrl": "https://www.zhaishuyuan.com/book/17423",
    "canUpdate": true,
    "coverUrl": "https://img.zhaishuyuan.com/bookpic/s17423.jpg",
    "durChapterIndex": 846,
    "durChapterPos": 3600,
    "durChapterTime": 1619223212221,
    "durChapterTitle": "第八百四十八章 阿拉德大陆（大结局）",
    "group": 1,
    "intro": "　　一个《地下城与勇士》的鬼剑士玩家，因为意外而带着鬼剑士的技能来到异世界。\n　　鬼剑士，拥有被鬼神诅咒的手臂，名为‘鬼手’。\n　　剑术系：猛龙断空斩、幻影剑舞、极•鬼剑术（暴风式）。对武器的修炼使我不再屈服于鬼神的诅咒。这难道不是剑术的极致吗？\n　　波动系：邪光波动阵、不动明王阵、暗天波动眼。当光明失去之时，吾用波动之力照亮前方！\n　　血气系：嗜魂封魔斩、崩山裂地斩、魔狱血刹。只要能得到力量，哪怕将灵魂出卖给鬼神也在所不惜！\n　　神鬼系：鬼影闪、冥炎卡洛、第七鬼神：邪神之布拉修。能否斩断命运之锁，完全取决于自身意志！\n　　这些只有拥有神鬼之力的鬼剑士才拥有的强大技能，而当这些技能出现于异世之时会给这个世界带来何种改变！",
    "kind": "游戏异界,完结",
    "lastCheckCount": 0,
    "lastCheckTime": 1619172852249,
    "latestChapterTime": 1619172854963,
    "latestChapterTitle": "第八百四十八章 阿拉德大陆（大结局）",
    "name": "神鬼剑士",
    "order": 34,
    "origin": "https://www.zhaishuyuan.com#sitembox dl",
    "originName": "📡 斋书苑ⓒ",
    "originOrder": -131056,
    "readConfig": {
      "delParagraph": 0,
      "delTag": 0,
      "pageAnim": -1,
      "reSegment": false,
      "useReplaceRule": true
    },
    "tocUrl": "https://www.zhaishuyuan.com/read/17423",
    "totalChapterNum": 847,
    "type": 0,
    "wordCount": "253.4万字"
  },
  {
    "author": "晨星LL",
    "bookUrl": "https://m.clewx.com/book/202102/04/11792.html",
    "canUpdate": true,
    "coverUrl": "https://www.clewx.com/book/2021/02/04/11792/11792.jpg",
    "durChapterIndex": 267,
    "durChapterPos": 1148,
    "durChapterTime": 1619596043558,
    "durChapterTitle": "第268章 冰雹猜想",
    "group": 0,
    "intro": "“系统，积分能兑钱吗？”“不能。”“干，那我要你何用！”“本系统能让你当上学爸，全人类爸爸的爸，你还要钱有什么用？”",
    "kind": "科幻小说,2021-02-04 15:34:32",
    "lastCheckCount": 0,
    "lastCheckTime": 1619364197761,
    "latestChapterTime": 1619364226778,
    "latestChapterTitle": "新书《高人竟在我身边》已经上传~",
    "name": "学霸的黑科技系统",
    "order": 45,
    "origin": "http://m.clewx.com",
    "originName": "👍 醋溜儿文学网",
    "originOrder": 1792,
    "readConfig": {
      "delParagraph": 0,
      "delTag": 0,
      "pageAnim": -1,
      "reSegment": false,
      "useReplaceRule": true
    },
    "tocUrl": "https://m.clewx.com/book/202102/04/11792/page/1.html",
    "totalChapterNum": 1692,
    "type": 0,
    "wordCount": "453.8万字"
  },
  {
    "author": "云中殿",
    "bookUrl": "https://m.dstiejuan.com/book/35309.html",
    "canUpdate": true,
    "coverUrl": "http://img.9txs.com/35309/998458.jpg",
    "durChapterIndex": 373,
    "durChapterPos": 1277,
    "durChapterTime": 1619670792596,
    "durChapterTitle": "第374章 超度怨灵，神秘乌鸦",
    "group": 0,
    "intro": "清月仙子：我曾与师兄西行三千里，在昆仑秘境得日月金轮！ 玲珑帝姬：我曾陪师兄深入东海帝葬谷，一起接受丹帝传承！ 不死凰后：呵呵，一群雏儿！知道他的龙凰不灭体怎么来的吗？ …… 穿越修仙界，沈天发现自己可以看到身边其他人的气运和机缘。 抱着蹭大佬主角光环的想法，沈天开始主动结交那些气运之子。 …… 后来大家渐渐发现：无论是谁，只要跟沈天一起历练，就必然会遇到大机缘，从无例外！ 从那天起，沈天成了修仙界最受欢迎的吉祥物。 PS：本书又名《非酋的进化论》《韭菜的100种收割方式》《好师兄，带带我》《师兄机缘，怎可分我这么多！》",
    "kind": "二次元,连载中",
    "lastCheckCount": 0,
    "lastCheckTime": 1619600652047,
    "latestChapterTime": 1619600653600,
    "latestChapterTitle": "番外篇——兰妃日记（免费版，4000字）",
    "name": "我真的不是气运之子",
    "order": 46,
    "origin": "https://m.dstiejuan.com",
    "originName": "🌸 丹书铁卷",
    "originOrder": 209,
    "readConfig": {
      "delParagraph": 0,
      "delTag": 0,
      "imageStyle": "0",
      "pageAnim": -1,
      "reSegment": false,
      "useReplaceRule": true
    },
    "tocUrl": "https://www.dstiejuan.com/book/35309/",
    "totalChapterNum": 515,
    "type": 0,
    "wordCount": "172 万字"
  }
]