[
  {
    "bookName": "我师兄实在太稳健了",
    "deviceId": "",
    "readTime": 197
  },
  {
    "bookName": "杀神",
    "deviceId": "",
    "readTime": 17728
  },
  {
    "bookName": "帝霸",
    "deviceId": "",
    "readTime": 2553
  },
  {
    "bookName": "灵域",
    "deviceId": "",
    "readTime": 43292
  },
  {
    "bookName": "混沌雷修",
    "deviceId": "",
    "readTime": 25545
  },
  {
    "bookName": "空速星痕",
    "deviceId": "",
    "readTime": 2227
  },
  {
    "bookName": "武动乾坤",
    "deviceId": "",
    "readTime": 1924
  },
  {
    "bookName": "异世魔尊",
    "deviceId": "",
    "readTime": 12027
  },
  {
    "bookName": "修真聊天群",
    "deviceId": "",
    "readTime": 38824
  },
  {
    "bookName": "飘渺之旅",
    "deviceId": "",
    "readTime": 28455
  },
  {
    "bookName": "飘淼之旅",
    "deviceId": "",
    "readTime": 82169
  },
  {
    "bookName": "龙族",
    "deviceId": "",
    "readTime": 1435
  },
  {
    "bookName": "武炼巅峰",
    "deviceId": "",
    "readTime": 12791
  },
  {
    "bookName": "星际海盗",
    "deviceId": "",
    "readTime": 8686
  },
  {
    "bookName": "凡人修神传",
    "deviceId": "",
    "readTime": 7104
  },
  {
    "bookName": "凡人修仙传",
    "deviceId": "",
    "readTime": 2558
  },
  {
    "bookName": "帝道至尊",
    "deviceId": "",
    "readTime": 12549
  },
  {
    "bookName": "刀剑神皇",
    "deviceId": "",
    "readTime": 10083
  },
  {
    "bookName": "斗破苍穹",
    "deviceId": "",
    "readTime": 7163
  },
  {
    "bookName": "清穿之团宠表妹",
    "deviceId": "",
    "readTime": 4609
  },
  {
    "bookName": "仙逆",
    "deviceId": "",
    "readTime": 25135
  },
  {
    "bookName": "莽荒纪",
    "deviceId": "",
    "readTime": 1713
  },
  {
    "bookName": "修真界败类",
    "deviceId": "",
    "readTime": 14235
  },
  {
    "bookName": "完美世界",
    "deviceId": "",
    "readTime": 21685
  },
  {
    "bookName": "元尊",
    "deviceId": "",
    "readTime": 51654
  },
  {
    "bookName": "异世邪君",
    "deviceId": "",
    "readTime": 14608
  },
  {
    "bookName": "沧元图",
    "deviceId": "",
    "readTime": 34236
  },
  {
    "bookName": "夜的命名术",
    "deviceId": "",
    "readTime": 85024
  },
  {
    "bookName": "轮回乐园",
    "deviceId": "",
    "readTime": 19131060
  },
  {
    "bookName": "我在魔法世界开创互联网时代",
    "deviceId": "",
    "readTime": 35014883
  },
  {
    "bookName": "伏天氏",
    "deviceId": "",
    "readTime": 94491
  },
  {
    "bookName": "神鬼剑士",
    "deviceId": "",
    "readTime": 707425
  },
  {
    "bookName": "长生界",
    "deviceId": "",
    "readTime": 30173
  },
  {
    "bookName": "啪啪啪时为什么女性更难获得性高潮？",
    "deviceId": "",
    "readTime": 85362
  },
  {
    "bookName": "「男生VS女生，到底谁的性欲更强？」",
    "deviceId": "",
    "readTime": 5004
  },
  {
    "bookName": "微辣女大学生！每天自慰两次！H罩杯的平野りおん要挑战AV男优！",
    "deviceId": "",
    "readTime": 18644
  },
  {
    "bookName": "移籍再出发！会多种语言的才女去当安斋らら的学妹！",
    "deviceId": "",
    "readTime": 11214
  },
  {
    "bookName": "〖短篇〗催眠老师和妈妈",
    "deviceId": "",
    "readTime": 5363
  },
  {
    "bookName": "无敌催眠师",
    "deviceId": "",
    "readTime": 628
  },
  {
    "bookName": "幼女雯雯日记",
    "deviceId": "",
    "readTime": 519696
  },
  {
    "bookName": "我的爆乳巨臀专用肉便器",
    "deviceId": "",
    "readTime": 1008146
  },
  {
    "bookName": "岳母性奴调教记（完）",
    "deviceId": "",
    "readTime": 710903
  },
  {
    "bookName": "我的细胞监狱",
    "deviceId": "",
    "readTime": 12719860
  },
  {
    "bookName": "囚隶 （囚禁 gaoH）",
    "deviceId": "",
    "readTime": 21513
  },
  {
    "bookName": "美少女科幻故事",
    "deviceId": "",
    "readTime": 338676
  },
  {
    "bookName": "梦幻的女体世界",
    "deviceId": "",
    "readTime": 1184263
  },
  {
    "bookName": "玩具工厂",
    "deviceId": "",
    "readTime": 363279
  },
  {
    "bookName": "性奴隶之谍影传奇",
    "deviceId": "",
    "readTime": 4370
  },
  {
    "bookName": "学霸的黑科技系统",
    "deviceId": "",
    "readTime": 24699108
  },
  {
    "bookName": "楊鈺瑩性奴生活",
    "deviceId": "",
    "readTime": 10032
  },
  {
    "bookName": "女友出軌，我讓她成了妓女",
    "deviceId": "",
    "readTime": 294187
  },
  {
    "bookName": "在家里慘遭輪奸",
    "deviceId": "",
    "readTime": 7991
  },
  {
    "bookName": "爆乳JULIA京香性感写真",
    "deviceId": "",
    "readTime": 1639
  },
  {
    "bookName": "處女野外被輪姦",
    "deviceId": "",
    "readTime": 191019
  },
  {
    "bookName": "养只小奴隶",
    "deviceId": "",
    "readTime": 309909
  },
  {
    "bookName": "女神的耻辱试炼",
    "deviceId": "",
    "readTime": 314695
  },
  {
    "bookName": "韩佳人的改变",
    "deviceId": "",
    "readTime": 617164
  },
  {
    "bookName": "烂柯棋缘",
    "deviceId": "",
    "readTime": 57221884
  },
  {
    "bookName": "调教小玄",
    "deviceId": "",
    "readTime": 50186
  },
  {
    "bookName": "催眠调教VOL",
    "deviceId": "",
    "readTime": 89582
  },
  {
    "bookName": "大奉打更人",
    "deviceId": "",
    "readTime": 3886873
  },
  {
    "bookName": "我真的不是气运之子",
    "deviceId": "",
    "readTime": 38571163
  },
  {
    "bookName": "人间仙境",
    "deviceId": "",
    "readTime": 236380
  }
]