[
  {
    "bookName": "此盘内文件与视频请分享给您的亲朋好友",
    "deviceId": "",
    "readTime": 870
  },
  {
    "bookName": "我在地球当神棍",
    "deviceId": "",
    "readTime": 6081
  },
  {
    "bookName": "回到地球当神棍",
    "deviceId": "",
    "readTime": 373655
  },
  {
    "bookName": "洪荒：我赵公明，截教第一圣人！",
    "deviceId": "",
    "readTime": 150380
  },
  {
    "bookName": "我在幕后调教大佬",
    "deviceId": "",
    "readTime": 1756
  },
  {
    "bookName": "开源阅读",
    "deviceId": "",
    "readTime": 102135
  },
  {
    "bookName": "火之鳥",
    "deviceId": "",
    "readTime": 6371
  },
  {
    "bookName": "巴斯克维尔的猎犬",
    "deviceId": "",
    "readTime": 19287
  },
  {
    "bookName": "沧元图",
    "deviceId": "",
    "readTime": 744059
  },
  {
    "bookName": "我的细胞监狱",
    "deviceId": "",
    "readTime": 387502
  },
  {
    "bookName": "性奴训练学园",
    "deviceId": "",
    "readTime": 726912
  },
  {
    "bookName": "强奸系列合集",
    "deviceId": "",
    "readTime": 215270
  },
  {
    "bookName": "这个人仙太过正经",
    "deviceId": "",
    "readTime": 471187
  },
  {
    "bookName": "大奉打更人",
    "deviceId": "",
    "readTime": 302543
  },
  {
    "bookName": "挪威的森林",
    "deviceId": "",
    "readTime": 45263
  },
  {
    "bookName": "催眠系小说",
    "deviceId": "",
    "readTime": 3403279
  },
  {
    "bookName": "道君",
    "deviceId": "",
    "readTime": 60212160
  }
]