[
  {
    "bookName": "我的细胞监狱",
    "deviceId": "",
    "readTime": 4659
  },
  {
    "bookName": "前桌女生竟是我的头号黑粉",
    "deviceId": "",
    "readTime": 6291095
  },
  {
    "bookName": "星戒",
    "deviceId": "",
    "readTime": 976325
  },
  {
    "bookName": "言教授，要撞坏了",
    "deviceId": "",
    "readTime": 1530418
  },
  {
    "bookName": "无辜的折磨（简体，SM，强制，NP，西幻）",
    "deviceId": "",
    "readTime": 259278
  },
  {
    "bookName": "父亲调教了我们母女",
    "deviceId": "",
    "readTime": 83847
  },
  {
    "bookName": "[不咕鸟汉化组] [てぐどら] 響陰核圧潰 (艦隊これくしょん -艦これ-) [中国翻訳]",
    "deviceId": "",
    "readTime": 24630
  },
  {
    "bookName": "大奉打更人",
    "deviceId": "",
    "readTime": 1231674
  },
  {
    "bookName": "这个人仙太过正经",
    "deviceId": "",
    "readTime": 539004
  },
  {
    "bookName": "我在盘丝洞养蜘蛛",
    "deviceId": "",
    "readTime": 9712469
  }
]