[
  {
    "bgStr": "羊皮纸3.jpg",
    "bgStrEInk": "#FFFFFF",
    "bgStrNight": "#000000",
    "bgType": 1,
    "bgTypeEInk": 0,
    "bgTypeNight": 0,
    "darkStatusIcon": true,
    "darkStatusIconEInk": true,
    "darkStatusIconNight": false,
    "footerMode": 0,
    "footerPaddingBottom": 6,
    "footerPaddingLeft": 16,
    "footerPaddingRight": 16,
    "footerPaddingTop": 6,
    "headerMode": 0,
    "headerPaddingBottom": 0,
    "headerPaddingLeft": 16,
    "headerPaddingRight": 16,
    "headerPaddingTop": 0,
    "letterSpacing": 0.1,
    "lineSpacingExtra": 12,
    "name": "",
    "paddingBottom": 6,
    "paddingLeft": 16,
    "paddingRight": 16,
    "paddingTop": 6,
    "pageAnim": 2,
    "pageAnimEInk": 2,
    "paragraphIndent": "　　",
    "paragraphSpacing": 2,
    "showFooterLine": true,
    "showHeaderLine": false,
    "textBold": 0,
    "textColor": "#000000",
    "textColorEInk": "#000000",
    "textColorNight": "#FFFFFF",
    "textFont": "",
    "textSize": 19,
    "tipColor": 0,
    "tipFooterLeft": 1,
    "tipFooterMiddle": 0,
    "tipFooterRight": 6,
    "tipHeaderLeft": 2,
    "tipHeaderMiddle": 0,
    "tipHeaderRight": 3,
    "titleBottomSpacing": 0,
    "titleMode": 0,
    "titleSize": 0,
    "titleTopSpacing": 0
  },
  {
    "bgStr": "#DDC090",
    "bgStrEInk": "#FFFFFF",
    "bgStrNight": "#3C3F43",
    "bgType": 0,
    "bgTypeEInk": 0,
    "bgTypeNight": 0,
    "darkStatusIcon": true,
    "darkStatusIconEInk": true,
    "darkStatusIconNight": false,
    "footerMode": 0,
    "footerPaddingBottom": 6,
    "footerPaddingLeft": 16,
    "footerPaddingRight": 16,
    "footerPaddingTop": 6,
    "headerMode": 0,
    "headerPaddingBottom": 0,
    "headerPaddingLeft": 16,
    "headerPaddingRight": 16,
    "headerPaddingTop": 0,
    "letterSpacing": 0.1,
    "lineSpacingExtra": 10,
    "name": "",
    "paddingBottom": 6,
    "paddingLeft": 16,
    "paddingRight": 16,
    "paddingTop": 6,
    "pageAnim": 0,
    "pageAnimEInk": 3,
    "paragraphIndent": "　　",
    "paragraphSpacing": 2,
    "showFooterLine": true,
    "showHeaderLine": false,
    "textBold": 2,
    "textColor": "#3E3422",
    "textColorEInk": "#000000",
    "textColorNight": "#DCDFE1",
    "textFont": "",
    "textSize": 25,
    "tipColor": 0,
    "tipFooterLeft": 1,
    "tipFooterMiddle": 0,
    "tipFooterRight": 6,
    "tipHeaderLeft": 2,
    "tipHeaderMiddle": 0,
    "tipHeaderRight": 3,
    "titleBottomSpacing": 0,
    "titleMode": 0,
    "titleSize": 0,
    "titleTopSpacing": 0
  },
  {
    "bgStr": "#C2D8AA",
    "bgStrEInk": "#FFFFFF",
    "bgStrNight": "#3C3F43",
    "bgType": 0,
    "bgTypeEInk": 0,
    "bgTypeNight": 0,
    "darkStatusIcon": false,
    "darkStatusIconEInk": true,
    "darkStatusIconNight": false,
    "footerMode": 0,
    "footerPaddingBottom": 6,
    "footerPaddingLeft": 16,
    "footerPaddingRight": 16,
    "footerPaddingTop": 6,
    "headerMode": 0,
    "headerPaddingBottom": 0,
    "headerPaddingLeft": 16,
    "headerPaddingRight": 16,
    "headerPaddingTop": 0,
    "letterSpacing": 0.1,
    "lineSpacingExtra": 12,
    "name": "",
    "paddingBottom": 6,
    "paddingLeft": 16,
    "paddingRight": 16,
    "paddingTop": 6,
    "pageAnim": 0,
    "pageAnimEInk": 3,
    "paragraphIndent": "　　",
    "paragraphSpacing": 2,
    "showFooterLine": true,
    "showHeaderLine": false,
    "textBold": 0,
    "textColor": "#596C44",
    "textColorEInk": "#000000",
    "textColorNight": "#88C16F",
    "textFont": "",
    "textSize": 20,
    "tipColor": 0,
    "tipFooterLeft": 1,
    "tipFooterMiddle": 0,
    "tipFooterRight": 6,
    "tipHeaderLeft": 2,
    "tipHeaderMiddle": 0,
    "tipHeaderRight": 3,
    "titleBottomSpacing": 0,
    "titleMode": 0,
    "titleSize": 0,
    "titleTopSpacing": 0
  },
  {
    "bgStr": "#DBB8E2",
    "bgStrEInk": "#FFFFFF",
    "bgStrNight": "#3C3F43",
    "bgType": 0,
    "bgTypeEInk": 0,
    "bgTypeNight": 0,
    "darkStatusIcon": false,
    "darkStatusIconEInk": true,
    "darkStatusIconNight": false,
    "footerMode": 0,
    "footerPaddingBottom": 6,
    "footerPaddingLeft": 16,
    "footerPaddingRight": 16,
    "footerPaddingTop": 6,
    "headerMode": 0,
    "headerPaddingBottom": 0,
    "headerPaddingLeft": 16,
    "headerPaddingRight": 16,
    "headerPaddingTop": 0,
    "letterSpacing": 0.1,
    "lineSpacingExtra": 12,
    "name": "",
    "paddingBottom": 6,
    "paddingLeft": 16,
    "paddingRight": 16,
    "paddingTop": 6,
    "pageAnim": 0,
    "pageAnimEInk": 3,
    "paragraphIndent": "　　",
    "paragraphSpacing": 2,
    "showFooterLine": true,
    "showHeaderLine": false,
    "textBold": 0,
    "textColor": "#68516C",
    "textColorEInk": "#000000",
    "textColorNight": "#F6AEAE",
    "textFont": "",
    "textSize": 20,
    "tipColor": 0,
    "tipFooterLeft": 1,
    "tipFooterMiddle": 0,
    "tipFooterRight": 6,
    "tipHeaderLeft": 2,
    "tipHeaderMiddle": 0,
    "tipHeaderRight": 3,
    "titleBottomSpacing": 0,
    "titleMode": 0,
    "titleSize": 0,
    "titleTopSpacing": 0
  },
  {
    "bgStr": "#ABCEE0",
    "bgStrEInk": "#FFFFFF",
    "bgStrNight": "#3C3F43",
    "bgType": 0,
    "bgTypeEInk": 0,
    "bgTypeNight": 0,
    "darkStatusIcon": false,
    "darkStatusIconEInk": true,
    "darkStatusIconNight": false,
    "footerMode": 0,
    "footerPaddingBottom": 6,
    "footerPaddingLeft": 16,
    "footerPaddingRight": 16,
    "footerPaddingTop": 6,
    "headerMode": 0,
    "headerPaddingBottom": 0,
    "headerPaddingLeft": 16,
    "headerPaddingRight": 16,
    "headerPaddingTop": 0,
    "letterSpacing": 0.1,
    "lineSpacingExtra": 12,
    "name": "",
    "paddingBottom": 6,
    "paddingLeft": 16,
    "paddingRight": 16,
    "paddingTop": 6,
    "pageAnim": 2,
    "pageAnimEInk": 3,
    "paragraphIndent": "　　",
    "paragraphSpacing": 2,
    "showFooterLine": true,
    "showHeaderLine": false,
    "textBold": 0,
    "textColor": "#3D4C54",
    "textColorEInk": "#000000",
    "textColorNight": "#90BFF5",
    "textFont": "",
    "textSize": 20,
    "tipColor": 0,
    "tipFooterLeft": 1,
    "tipFooterMiddle": 0,
    "tipFooterRight": 6,
    "tipHeaderLeft": 2,
    "tipHeaderMiddle": 0,
    "tipHeaderRight": 3,
    "titleBottomSpacing": 0,
    "titleMode": 0,
    "titleSize": 0,
    "titleTopSpacing": 0
  },
  {
    "bgStr": "羊皮纸1.jpg",
    "bgStrEInk": "#FFFFFF",
    "bgStrNight": "#000000",
    "bgType": 1,
    "bgTypeEInk": 0,
    "bgTypeNight": 0,
    "darkStatusIcon": true,
    "darkStatusIconEInk": true,
    "darkStatusIconNight": false,
    "footerMode": 0,
    "footerPaddingBottom": 6,
    "footerPaddingLeft": 16,
    "footerPaddingRight": 16,
    "footerPaddingTop": 6,
    "headerMode": 0,
    "headerPaddingBottom": 0,
    "headerPaddingLeft": 16,
    "headerPaddingRight": 16,
    "headerPaddingTop": 0,
    "letterSpacing": 0.1,
    "lineSpacingExtra": 12,
    "name": "",
    "paddingBottom": 6,
    "paddingLeft": 16,
    "paddingRight": 16,
    "paddingTop": 6,
    "pageAnim": 2,
    "pageAnimEInk": 2,
    "paragraphIndent": "　　",
    "paragraphSpacing": 2,
    "showFooterLine": true,
    "showHeaderLine": false,
    "textBold": 0,
    "textColor": "#ff0b0b1d",
    "textColorEInk": "#000000",
    "textColorNight": "#ADADAD",
    "textFont": "",
    "textSize": 20,
    "tipColor": 0,
    "tipFooterLeft": 1,
    "tipFooterMiddle": 0,
    "tipFooterRight": 6,
    "tipHeaderLeft": 2,
    "tipHeaderMiddle": 0,
    "tipHeaderRight": 3,
    "titleBottomSpacing": 0,
    "titleMode": 0,
    "titleSize": 0,
    "titleTopSpacing": 0
  },
  {
    "bgStr": "羊皮纸3.jpg",
    "bgStrEInk": "#FFFFFF",
    "bgStrNight": "#000000",
    "bgType": 1,
    "bgTypeEInk": 0,
    "bgTypeNight": 0,
    "darkStatusIcon": true,
    "darkStatusIconEInk": true,
    "darkStatusIconNight": false,
    "footerMode": 0,
    "footerPaddingBottom": 6,
    "footerPaddingLeft": 16,
    "footerPaddingRight": 16,
    "footerPaddingTop": 6,
    "headerMode": 0,
    "headerPaddingBottom": 0,
    "headerPaddingLeft": 16,
    "headerPaddingRight": 16,
    "headerPaddingTop": 0,
    "letterSpacing": 0.1,
    "lineSpacingExtra": 12,
    "name": "",
    "paddingBottom": 6,
    "paddingLeft": 16,
    "paddingRight": 16,
    "paddingTop": 6,
    "pageAnim": 0,
    "pageAnimEInk": 3,
    "paragraphIndent": "　　",
    "paragraphSpacing": 2,
    "showFooterLine": true,
    "showHeaderLine": false,
    "textBold": 0,
    "textColor": "#3E3D3B",
    "textColorEInk": "#000000",
    "textColorNight": "#ADADAD",
    "textFont": "",
    "textSize": 20,
    "tipColor": 0,
    "tipFooterLeft": 1,
    "tipFooterMiddle": 0,
    "tipFooterRight": 6,
    "tipHeaderLeft": 2,
    "tipHeaderMiddle": 0,
    "tipHeaderRight": 3,
    "titleBottomSpacing": 0,
    "titleMode": 0,
    "titleSize": 0,
    "titleTopSpacing": 0
  },
  {
    "bgStr": "#ffe5d85e",
    "bgStrEInk": "#FFFFFF",
    "bgStrNight": "#000000",
    "bgType": 0,
    "bgTypeEInk": 0,
    "bgTypeNight": 0,
    "darkStatusIcon": true,
    "darkStatusIconEInk": true,
    "darkStatusIconNight": false,
    "footerMode": 0,
    "footerPaddingBottom": 6,
    "footerPaddingLeft": 16,
    "footerPaddingRight": 16,
    "footerPaddingTop": 6,
    "headerMode": 0,
    "headerPaddingBottom": 0,
    "headerPaddingLeft": 16,
    "headerPaddingRight": 16,
    "headerPaddingTop": 0,
    "letterSpacing": 0.1,
    "lineSpacingExtra": 12,
    "name": "",
    "paddingBottom": 6,
    "paddingLeft": 16,
    "paddingRight": 16,
    "paddingTop": 6,
    "pageAnim": 0,
    "pageAnimEInk": 3,
    "paragraphIndent": "　　",
    "paragraphSpacing": 2,
    "showFooterLine": true,
    "showHeaderLine": false,
    "textBold": 0,
    "textColor": "#ff8ad5ce",
    "textColorEInk": "#000000",
    "textColorNight": "#ADADAD",
    "textFont": "",
    "textSize": 20,
    "tipColor": 0,
    "tipFooterLeft": 1,
    "tipFooterMiddle": 0,
    "tipFooterRight": 6,
    "tipHeaderLeft": 2,
    "tipHeaderMiddle": 0,
    "tipHeaderRight": 3,
    "titleBottomSpacing": 0,
    "titleMode": 0,
    "titleSize": 0,
    "titleTopSpacing": 0
  },
  {
    "bgStr": "/storage/emulated/0/Android/data/io.legado.app.releaseA/files/bg/v2-bca3ae49b6f0f28216cf0a89d8f6bca9_b.jpg",
    "bgStrEInk": "#FFFFFF",
    "bgStrNight": "#000000",
    "bgType": 2,
    "bgTypeEInk": 0,
    "bgTypeNight": 0,
    "darkStatusIcon": true,
    "darkStatusIconEInk": true,
    "darkStatusIconNight": false,
    "footerMode": 0,
    "footerPaddingBottom": 6,
    "footerPaddingLeft": 16,
    "footerPaddingRight": 16,
    "footerPaddingTop": 6,
    "headerMode": 0,
    "headerPaddingBottom": 0,
    "headerPaddingLeft": 16,
    "headerPaddingRight": 16,
    "headerPaddingTop": 0,
    "letterSpacing": 0.1,
    "lineSpacingExtra": 12,
    "name": "",
    "paddingBottom": 6,
    "paddingLeft": 16,
    "paddingRight": 16,
    "paddingTop": 6,
    "pageAnim": 0,
    "pageAnimEInk": 3,
    "paragraphIndent": "　　",
    "paragraphSpacing": 2,
    "showFooterLine": true,
    "showHeaderLine": false,
    "textBold": 0,
    "textColor": "#ffb28a3c",
    "textColorEInk": "#000000",
    "textColorNight": "#ADADAD",
    "textFont": "",
    "textSize": 20,
    "tipColor": 0,
    "tipFooterLeft": 1,
    "tipFooterMiddle": 0,
    "tipFooterRight": 6,
    "tipHeaderLeft": 2,
    "tipHeaderMiddle": 0,
    "tipHeaderRight": 3,
    "titleBottomSpacing": 0,
    "titleMode": 0,
    "titleSize": 0,
    "titleTopSpacing": 0
  }
]