[
  {
    "groupId": -1,
    "groupName": "全部",
    "order": 1,
    "show": false
  },
  {
    "groupId": -2,
    "groupName": "本地",
    "order": 2,
    "show": false
  },
  {
    "groupId": -3,
    "groupName": "音频",
    "order": 3,
    "show": false
  },
  {
    "groupId": -4,
    "groupName": "未分组",
    "order": 4,
    "show": true
  },
  {
    "groupId": 2,
    "groupName": "正在看",
    "order": 5,
    "show": true
  },
  {
    "groupId": 1,
    "groupName": "看完",
    "order": 6,
    "show": true
  },
  {
    "groupId": 4,
    "groupName": "养书",
    "order": 7,
    "show": true
  },
  {
    "groupId": 8,
    "groupName": "其他",
    "order": 8,
    "show": false
  }
]