[
  {
    "bookName": "星戒",
    "deviceId": "",
    "readTime": 976325
  },
  {
    "bookName": "言教授，要撞坏了",
    "deviceId": "",
    "readTime": 1530418
  },
  {
    "bookName": "无辜的折磨（简体，SM，强制，NP，西幻）",
    "deviceId": "",
    "readTime": 259278
  },
  {
    "bookName": "父亲调教了我们母女",
    "deviceId": "",
    "readTime": 83847
  },
  {
    "bookName": "[不咕鸟汉化组] [てぐどら] 響陰核圧潰 (艦隊これくしょん -艦これ-) [中国翻訳]",
    "deviceId": "",
    "readTime": 24630
  },
  {
    "bookName": "圣墟",
    "deviceId": "",
    "readTime": 5534
  },
  {
    "bookName": "召唤美女军团",
    "deviceId": "",
    "readTime": 45972
  },
  {
    "bookName": "前桌女生竟是我的头号黑粉",
    "deviceId": "",
    "readTime": 6322980
  },
  {
    "bookName": "修真四万年",
    "deviceId": "",
    "readTime": 33913
  },
  {
    "bookName": "催眠人生系统",
    "deviceId": "",
    "readTime": 7970
  },
  {
    "bookName": "异界催眠师",
    "deviceId": "",
    "readTime": 31473
  },
  {
    "bookName": "催眠控制全世界",
    "deviceId": "",
    "readTime": 480995
  },
  {
    "bookName": "我在盘丝洞养蜘蛛",
    "deviceId": "",
    "readTime": 11525986
  },
  {
    "bookName": "长生界",
    "deviceId": "",
    "readTime": 522
  },
  {
    "bookName": "我的细胞监狱",
    "deviceId": "",
    "readTime": 150663
  },
  {
    "bookName": "大奉打更人",
    "deviceId": "",
    "readTime": 2540274
  },
  {
    "bookName": "这个人仙太过正经",
    "deviceId": "",
    "readTime": 1848729
  }
]