[
  {
    "group": "",
    "id": 1620634625432,
    "isEnabled": true,
    "isRegex": false,
    "name": "(三七中文 et)",
    "order": 1,
    "pattern": "(三七中文 et)",
    "replacement": " ",
    "scope": "道君;https://www.apjadhw.com"
  },
  {
    "group": "",
    "id": 1620634693497,
    "isEnabled": true,
    "isRegex": false,
    "name": "▲手ٳ下载app看书神器，百度搜关键词࿱书掌柜app或直接访问官方网站▲",
    "order": 2,
    "pattern": "▲手ٳ下载app看书神器，百度搜关键词࿱书掌柜app或直接访问官方网站▲",
    "replacement": " ",
    "scope": "道君;https://www.apjadhw.com"
  }
]