[
  {
    "bookName": "我在幕后调教大佬",
    "deviceId": "",
    "readTime": 1756
  },
  {
    "bookName": "开源阅读",
    "deviceId": "",
    "readTime": 102135
  },
  {
    "bookName": "火之鳥",
    "deviceId": "",
    "readTime": 6371
  },
  {
    "bookName": "巴斯克维尔的猎犬",
    "deviceId": "",
    "readTime": 19287
  },
  {
    "bookName": "挪威的森林",
    "deviceId": "",
    "readTime": 44116
  },
  {
    "bookName": "沧元图",
    "deviceId": "",
    "readTime": 132196
  }
]