[
  {
    "bookName": "难哄",
    "deviceId": "",
    "readTime": 71575
  },
  {
    "bookName": "烂柯棋缘",
    "deviceId": "",
    "readTime": 23446
  },
  {
    "bookName": "我的细胞监狱",
    "deviceId": "",
    "readTime": 66075
  },
  {
    "bookName": "调教之岛",
    "deviceId": "",
    "readTime": 660384
  },
  {
    "bookName": "崩坏3 想要把幽兰黛尔大人调教成专属性奴隶的丽塔小姐却没想到自己也沦陷成肉便器了",
    "deviceId": "",
    "readTime": 170867
  },
  {
    "bookName": "最强淫神系统",
    "deviceId": "",
    "readTime": 1474622
  },
  {
    "bookName": "大奉打更人",
    "deviceId": "",
    "readTime": 693591
  }
]