[{"chapterId":"http://18pfun.com/ForInject/Chapter/?id=15929","comicInfoUrl":"http://18pfun.com/book/410","durChapterIndex":0,"durChapterName":"第1章","durChapterUrl":"http://18pfun.com/ForInject/Chapter/?id=15929","end":0,"errorMessage":"","id":232,"isChecked":false,"key":"http://18pfun.com/book/410","max":30,"name":"妹妹的義務","nextChapterUrl":"http://18pfun.com/ForInject/Chapter/?id=15930","noteUrl":"http://18pfun.com/book/410","path":"http://18pfun.com/ForInject/Chapter/?id=15929","progress":30,"source":"开车漫画💡💰","start":0,"state":3,"tag":"http://18pfun.com","title":"第1章"},{"chapterId":"http://18pfun.com/ForInject/Chapter/?id=15930","comicInfoUrl":"http://18pfun.com/book/410","durChapterIndex":1,"durChapterName":"第2章","durChapterUrl":"http://18pfun.com/ForInject/Chapter/?id=15930","end":0,"errorMessage":"","id":233,"isChecked":false,"key":"http://18pfun.com/book/410","max":30,"name":"妹妹的義務","nextChapterUrl":"http://18pfun.com/ForInject/Chapter/?id=15931","noteUrl":"http://18pfun.com/book/410","path":"http://18pfun.com/ForInject/Chapter/?id=15930","progress":30,"source":"开车漫画💡💰","start":0,"state":3,"tag":"http://18pfun.com","title":"第2章"},{"chapterId":"http://18pfun.com/ForInject/Chapter/?id=15931","comicInfoUrl":"http://18pfun.com/book/410","durChapterIndex":2,"durChapterName":"第3章","durChapterUrl":"http://18pfun.com/ForInject/Chapter/?id=15931","end":0,"errorMessage":"","id":234,"isChecked":false,"key":"http://18pfun.com/book/410","max":30,"name":"妹妹的義務","nextChapterUrl":"http://18pfun.com/ForInject/Chapter/?id=15932","noteUrl":"http://18pfun.com/book/410","path":"http://18pfun.com/ForInject/Chapter/?id=15931","progress":30,"source":"开车漫画💡💰","start":0,"state":3,"tag":"http://18pfun.com","title":"第3章"},{"chapterId":"http://18pfun.com/ForInject/Chapter/?id=15932","comicInfoUrl":"http://18pfun.com/book/410","durChapterIndex":3,"durChapterName":"第4章","durChapterUrl":"http://18pfun.com/ForInject/Chapter/?id=15932","end":0,"errorMessage":"","id":235,"isChecked":false,"key":"http://18pfun.com/book/410","max":30,"name":"妹妹的義務","nextChapterUrl":"http://18pfun.com/ForInject/Chapter/?id=15933","noteUrl":"http://18pfun.com/book/410","path":"http://18pfun.com/ForInject/Chapter/?id=15932","progress":30,"source":"开车漫画💡💰","start":0,"state":3,"tag":"http://18pfun.com","title":"第4章"},{"chapterId":"http://18pfun.com/ForInject/Chapter/?id=15933","comicInfoUrl":"http://18pfun.com/book/410","durChapterIndex":4,"durChapterName":"第5章","durChapterUrl":"http://18pfun.com/ForInject/Chapter/?id=15933","end":0,"errorMessage":"","id":236,"isChecked":false,"key":"http://18pfun.com/book/410","max":30,"name":"妹妹的義務","nextChapterUrl":"http://18pfun.com/ForInject/Chapter/?id=15934","noteUrl":"http://18pfun.com/book/410","path":"http://18pfun.com/ForInject/Chapter/?id=15933","progress":30,"source":"开车漫画💡💰","start":0,"state":3,"tag":"http://18pfun.com","title":"第5章"},{"chapterId":"http://18pfun.com/ForInject/Chapter/?id=15934","comicInfoUrl":"http://18pfun.com/book/410","durChapterIndex":5,"durChapterName":"第6章","durChapterUrl":"http://18pfun.com/ForInject/Chapter/?id=15934","end":0,"errorMessage":"","id":237,"isChecked":false,"key":"http://18pfun.com/book/410","max":30,"name":"妹妹的義務","nextChapterUrl":"http://18pfun.com/ForInject/Chapter/?id=15935","noteUrl":"http://18pfun.com/book/410","path":"http://18pfun.com/ForInject/Chapter/?id=15934","progress":30,"source":"开车漫画💡💰","start":0,"state":3,"tag":"http://18pfun.com","title":"第6章"},{"chapterId":"http://18pfun.com/ForInject/Chapter/?id=15935","comicInfoUrl":"http://18pfun.com/book/410","durChapterIndex":6,"durChapterName":"第7章","durChapterUrl":"http://18pfun.com/ForInject/Chapter/?id=15935","end":0,"errorMessage":"","id":238,"isChecked":false,"key":"http://18pfun.com/book/410","max":30,"name":"妹妹的義務","nextChapterUrl":"http://18pfun.com/ForInject/Chapter/?id=15969","noteUrl":"http://18pfun.com/book/410","path":"http://18pfun.com/ForInject/Chapter/?id=15935","progress":30,"source":"开车漫画💡💰","start":0,"state":3,"tag":"http://18pfun.com","title":"第7章"},{"chapterId":"http://18pfun.com/ForInject/Chapter/?id=15969","comicInfoUrl":"http://18pfun.com/book/410","durChapterIndex":7,"durChapterName":"第8章","durChapterUrl":"http://18pfun.com/ForInject/Chapter/?id=15969","end":0,"errorMessage":"","id":239,"isChecked":false,"key":"http://18pfun.com/book/410","max":30,"name":"妹妹的義務","nextChapterUrl":"http://18pfun.com/ForInject/Chapter/?id=16118","noteUrl":"http://18pfun.com/book/410","path":"http://18pfun.com/ForInject/Chapter/?id=15969","progress":30,"source":"开车漫画💡💰","start":0,"state":3,"tag":"http://18pfun.com","title":"第8章"},{"chapterId":"http://18pfun.com/ForInject/Chapter/?id=16118","comicInfoUrl":"http://18pfun.com/book/410","durChapterIndex":8,"durChapterName":"第9章","durChapterUrl":"http://18pfun.com/ForInject/Chapter/?id=16118","end":0,"errorMessage":"","id":240,"isChecked":false,"key":"http://18pfun.com/book/410","max":30,"name":"妹妹的義務","nextChapterUrl":"http://18pfun.com/ForInject/Chapter/?id=16221","noteUrl":"http://18pfun.com/book/410","path":"http://18pfun.com/ForInject/Chapter/?id=16118","progress":30,"source":"开车漫画💡💰","start":0,"state":3,"tag":"http://18pfun.com","title":"第9章"},{"chapterId":"http://18pfun.com/ForInject/Chapter/?id=16221","comicInfoUrl":"http://18pfun.com/book/410","durChapterIndex":9,"durChapterName":"第10章","durChapterUrl":"http://18pfun.com/ForInject/Chapter/?id=16221","end":0,"errorMessage":"","id":241,"isChecked":false,"key":"http://18pfun.com/book/410","max":30,"name":"妹妹的義務","nextChapterUrl":"http://18pfun.com/ForInject/Chapter/?id=16322","noteUrl":"http://18pfun.com/book/410","path":"http://18pfun.com/ForInject/Chapter/?id=16221","progress":30,"source":"开车漫画💡💰","start":0,"state":3,"tag":"http://18pfun.com","title":"第10章"},{"chapterId":"http://18pfun.com/ForInject/Chapter/?id=16322","comicInfoUrl":"http://18pfun.com/book/410","durChapterIndex":10,"durChapterName":"第11章","durChapterUrl":"http://18pfun.com/ForInject/Chapter/?id=16322","end":0,"errorMessage":"","id":242,"isChecked":false,"key":"http://18pfun.com/book/410","max":30,"name":"妹妹的義務","nextChapterUrl":"http://18pfun.com/ForInject/Chapter/?id=16410","noteUrl":"http://18pfun.com/book/410","path":"http://18pfun.com/ForInject/Chapter/?id=16322","progress":30,"source":"开车漫画💡💰","start":0,"state":3,"tag":"http://18pfun.com","title":"第11章"},{"chapterId":"http://18pfun.com/ForInject/Chapter/?id=16410","comicInfoUrl":"http://18pfun.com/book/410","durChapterIndex":11,"durChapterName":"第12章","durChapterUrl":"http://18pfun.com/ForInject/Chapter/?id=16410","end":0,"errorMessage":"","id":243,"isChecked":false,"key":"http://18pfun.com/book/410","max":30,"name":"妹妹的義務","nextChapterUrl":"http://18pfun.com/ForInject/Chapter/?id=16520","noteUrl":"http://18pfun.com/book/410","path":"http://18pfun.com/ForInject/Chapter/?id=16410","progress":30,"source":"开车漫画💡💰","start":0,"state":3,"tag":"http://18pfun.com","title":"第12章"},{"chapterId":"http://18pfun.com/ForInject/Chapter/?id=16520","comicInfoUrl":"http://18pfun.com/book/410","durChapterIndex":12,"durChapterName":"第13章","durChapterUrl":"http://18pfun.com/ForInject/Chapter/?id=16520","end":0,"errorMessage":"","id":244,"isChecked":false,"key":"http://18pfun.com/book/410","max":30,"name":"妹妹的義務","nextChapterUrl":"http://18pfun.com/ForInject/Chapter/?id=16636","noteUrl":"http://18pfun.com/book/410","path":"http://18pfun.com/ForInject/Chapter/?id=16520","progress":30,"source":"开车漫画💡💰","start":0,"state":3,"tag":"http://18pfun.com","title":"第13章"},{"chapterId":"http://18pfun.com/ForInject/Chapter/?id=16636","comicInfoUrl":"http://18pfun.com/book/410","durChapterIndex":13,"durChapterName":"第14章","durChapterUrl":"http://18pfun.com/ForInject/Chapter/?id=16636","end":0,"errorMessage":"","id":245,"isChecked":false,"key":"http://18pfun.com/book/410","max":30,"name":"妹妹的義務","nextChapterUrl":"http://18pfun.com/ForInject/Chapter/?id=16741","noteUrl":"http://18pfun.com/book/410","path":"http://18pfun.com/ForInject/Chapter/?id=16636","progress":30,"source":"开车漫画💡💰","start":0,"state":3,"tag":"http://18pfun.com","title":"第14章"},{"chapterId":"http://18pfun.com/ForInject/Chapter/?id=16741","comicInfoUrl":"http://18pfun.com/book/410","durChapterIndex":14,"durChapterName":"第15章","durChapterUrl":"http://18pfun.com/ForInject/Chapter/?id=16741","end":0,"errorMessage":"","id":246,"isChecked":false,"key":"http://18pfun.com/book/410","max":30,"name":"妹妹的義務","nextChapterUrl":"http://18pfun.com/ForInject/Chapter/?id=16860","noteUrl":"http://18pfun.com/book/410","path":"http://18pfun.com/ForInject/Chapter/?id=16741","progress":30,"source":"开车漫画💡💰","start":0,"state":3,"tag":"http://18pfun.com","title":"第15章"},{"chapterId":"http://18pfun.com/ForInject/Chapter/?id=16860","comicInfoUrl":"http://18pfun.com/book/410","durChapterIndex":15,"durChapterName":"第16章","durChapterUrl":"http://18pfun.com/ForInject/Chapter/?id=16860","end":0,"errorMessage":"","id":247,"isChecked":false,"key":"http://18pfun.com/book/410","max":30,"name":"妹妹的義務","nextChapterUrl":"http://18pfun.com/ForInject/Chapter/?id=16951","noteUrl":"http://18pfun.com/book/410","path":"http://18pfun.com/ForInject/Chapter/?id=16860","progress":30,"source":"开车漫画💡💰","start":0,"state":3,"tag":"http://18pfun.com","title":"第16章"},{"chapterId":"http://18pfun.com/ForInject/Chapter/?id=16951","comicInfoUrl":"http://18pfun.com/book/410","durChapterIndex":16,"durChapterName":"第17章","durChapterUrl":"http://18pfun.com/ForInject/Chapter/?id=16951","end":0,"errorMessage":"","id":248,"isChecked":false,"key":"http://18pfun.com/book/410","max":30,"name":"妹妹的義務","nextChapterUrl":"http://18pfun.com/ForInject/Chapter/?id=17064","noteUrl":"http://18pfun.com/book/410","path":"http://18pfun.com/ForInject/Chapter/?id=16951","progress":30,"source":"开车漫画💡💰","start":0,"state":3,"tag":"http://18pfun.com","title":"第17章"},{"chapterId":"http://18pfun.com/ForInject/Chapter/?id=17064","comicInfoUrl":"http://18pfun.com/book/410","durChapterIndex":17,"durChapterName":"第18章","durChapterUrl":"http://18pfun.com/ForInject/Chapter/?id=17064","end":0,"errorMessage":"","id":249,"isChecked":false,"key":"http://18pfun.com/book/410","max":30,"name":"妹妹的義務","nextChapterUrl":"http://18pfun.com/ForInject/Chapter/?id=17157","noteUrl":"http://18pfun.com/book/410","path":"http://18pfun.com/ForInject/Chapter/?id=17064","progress":30,"source":"开车漫画💡💰","start":0,"state":3,"tag":"http://18pfun.com","title":"第18章"},{"chapterId":"http://18pfun.com/ForInject/Chapter/?id=17157","comicInfoUrl":"http://18pfun.com/book/410","durChapterIndex":18,"durChapterName":"第19章","durChapterUrl":"http://18pfun.com/ForInject/Chapter/?id=17157","end":0,"errorMessage":"","id":250,"isChecked":false,"key":"http://18pfun.com/book/410","max":30,"name":"妹妹的義務","nextChapterUrl":"http://18pfun.com/ForInject/Chapter/?id=17242","noteUrl":"http://18pfun.com/book/410","path":"http://18pfun.com/ForInject/Chapter/?id=17157","progress":30,"source":"开车漫画💡💰","start":0,"state":3,"tag":"http://18pfun.com","title":"第19章"},{"chapterId":"http://18pfun.com/ForInject/Chapter/?id=17242","comicInfoUrl":"http://18pfun.com/book/410","durChapterIndex":19,"durChapterName":"第20章","durChapterUrl":"http://18pfun.com/ForInject/Chapter/?id=17242","end":0,"errorMessage":"","id":251,"isChecked":false,"key":"http://18pfun.com/book/410","max":30,"name":"妹妹的義務","nextChapterUrl":"http://18pfun.com/ForInject/Chapter/?id=17366","noteUrl":"http://18pfun.com/book/410","path":"http://18pfun.com/ForInject/Chapter/?id=17242","progress":30,"source":"开车漫画💡💰","start":0,"state":3,"tag":"http://18pfun.com","title":"第20章"},{"chapterId":"http://18pfun.com/ForInject/Chapter/?id=17366","comicInfoUrl":"http://18pfun.com/book/410","durChapterIndex":20,"durChapterName":"第21章","durChapterUrl":"http://18pfun.com/ForInject/Chapter/?id=17366","end":0,"errorMessage":"","id":252,"isChecked":false,"key":"http://18pfun.com/book/410","max":30,"name":"妹妹的義務","nextChapterUrl":"http://18pfun.com/ForInject/Chapter/?id=17471","noteUrl":"http://18pfun.com/book/410","path":"http://18pfun.com/ForInject/Chapter/?id=17366","progress":13,"source":"开车漫画💡💰","start":0,"state":3,"tag":"http://18pfun.com","title":"第21章"},{"chapterId":"http://18pfun.com/ForInject/Chapter/?id=17471","comicInfoUrl":"http://18pfun.com/book/410","durChapterIndex":21,"durChapterName":"第22章","durChapterUrl":"http://18pfun.com/ForInject/Chapter/?id=17471","end":0,"errorMessage":"","id":253,"isChecked":false,"key":"http://18pfun.com/book/410","max":30,"name":"妹妹的義務","nextChapterUrl":"http://18pfun.com/ForInject/Chapter/?id=17575","noteUrl":"http://18pfun.com/book/410","path":"http://18pfun.com/ForInject/Chapter/?id=17471","progress":14,"source":"开车漫画💡💰","start":0,"state":3,"tag":"http://18pfun.com","title":"第22章"},{"chapterId":"http://18pfun.com/ForInject/Chapter/?id=17575","comicInfoUrl":"http://18pfun.com/book/410","durChapterIndex":22,"durChapterName":"第23章","durChapterUrl":"http://18pfun.com/ForInject/Chapter/?id=17575","end":0,"errorMessage":"","id":254,"isChecked":false,"key":"http://18pfun.com/book/410","max":30,"name":"妹妹的義務","nextChapterUrl":"http://18pfun.com/ForInject/Chapter/?id=17633","noteUrl":"http://18pfun.com/book/410","path":"http://18pfun.com/ForInject/Chapter/?id=17575","progress":11,"source":"开车漫画💡💰","start":0,"state":3,"tag":"http://18pfun.com","title":"第23章"},{"chapterId":"http://18pfun.com/ForInject/Chapter/?id=17633","comicInfoUrl":"http://18pfun.com/book/410","durChapterIndex":23,"durChapterName":"第24章","durChapterUrl":"http://18pfun.com/ForInject/Chapter/?id=17633","end":0,"errorMessage":"","id":255,"isChecked":false,"key":"http://18pfun.com/book/410","max":30,"name":"妹妹的義務","nextChapterUrl":"http://18pfun.com/ForInject/Chapter/?id=17726","noteUrl":"http://18pfun.com/book/410","path":"http://18pfun.com/ForInject/Chapter/?id=17633","progress":7,"source":"开车漫画💡💰","start":0,"state":3,"tag":"http://18pfun.com","title":"第24章"},{"chapterId":"http://18pfun.com/ForInject/Chapter/?id=17726","comicInfoUrl":"http://18pfun.com/book/410","durChapterIndex":24,"durChapterName":"第25章","durChapterUrl":"http://18pfun.com/ForInject/Chapter/?id=17726","end":0,"errorMessage":"","id":256,"isChecked":false,"key":"http://18pfun.com/book/410","max":30,"name":"妹妹的義務","nextChapterUrl":"http://18pfun.com/ForInject/Chapter/?id=17792","noteUrl":"http://18pfun.com/book/410","path":"http://18pfun.com/ForInject/Chapter/?id=17726","progress":5,"source":"开车漫画💡💰","start":0,"state":3,"tag":"http://18pfun.com","title":"第25章"},{"chapterId":"http://18pfun.com/ForInject/Chapter/?id=17792","comicInfoUrl":"http://18pfun.com/book/410","durChapterIndex":25,"durChapterName":"第26章","durChapterUrl":"http://18pfun.com/ForInject/Chapter/?id=17792","end":0,"errorMessage":"","id":257,"isChecked":false,"key":"http://18pfun.com/book/410","max":30,"name":"妹妹的義務","nextChapterUrl":"http://18pfun.com/ForInject/Chapter/?id=17913","noteUrl":"http://18pfun.com/book/410","path":"http://18pfun.com/ForInject/Chapter/?id=17792","progress":6,"source":"开车漫画💡💰","start":0,"state":3,"tag":"http://18pfun.com","title":"第26章"},{"chapterId":"http://18pfun.com/ForInject/Chapter/?id=17913","comicInfoUrl":"http://18pfun.com/book/410","durChapterIndex":26,"durChapterName":"第27章","durChapterUrl":"http://18pfun.com/ForInject/Chapter/?id=17913","end":0,"errorMessage":"","id":258,"isChecked":false,"key":"http://18pfun.com/book/410","max":30,"name":"妹妹的義務","nextChapterUrl":"http://18pfun.com/ForInject/Chapter/?id=17982","noteUrl":"http://18pfun.com/book/410","path":"http://18pfun.com/ForInject/Chapter/?id=17913","progress":8,"source":"开车漫画💡💰","start":0,"state":3,"tag":"http://18pfun.com","title":"第27章"},{"chapterId":"http://18pfun.com/ForInject/Chapter/?id=17982","comicInfoUrl":"http://18pfun.com/book/410","durChapterIndex":27,"durChapterName":"第28章","durChapterUrl":"http://18pfun.com/ForInject/Chapter/?id=17982","end":0,"errorMessage":"","id":259,"isChecked":false,"key":"http://18pfun.com/book/410","max":30,"name":"妹妹的義務","noteUrl":"http://18pfun.com/book/410","path":"http://18pfun.com/ForInject/Chapter/?id=17982","progress":7,"source":"开车漫画💡💰","start":0,"state":3,"tag":"http://18pfun.com","title":"第28章"}]