{
  "bgStr": "#EEEEEE",
  "bgStrEInk": "#FFFFFF",
  "bgStrNight": "#000000",
  "bgType": 0,
  "bgTypeEInk": 0,
  "bgTypeNight": 0,
  "darkStatusIcon": true,
  "darkStatusIconEInk": true,
  "darkStatusIconNight": false,
  "footerMode": 0,
  "footerPaddingBottom": 6,
  "footerPaddingLeft": 16,
  "footerPaddingRight": 16,
  "footerPaddingTop": 6,
  "headerMode": 0,
  "headerPaddingBottom": 0,
  "headerPaddingLeft": 16,
  "headerPaddingRight": 16,
  "headerPaddingTop": 0,
  "letterSpacing": 0.1,
  "lineSpacingExtra": 12,
  "name": "",
  "paddingBottom": 6,
  "paddingLeft": 16,
  "paddingRight": 16,
  "paddingTop": 6,
  "pageAnim": 2,
  "pageAnimEInk": 3,
  "paragraphIndent": "　　",
  "paragraphSpacing": 2,
  "showFooterLine": true,
  "showHeaderLine": false,
  "textBold": 0,
  "textColor": "#3E3D3B",
  "textColorEInk": "#000000",
  "textColorNight": "#ADADAD",
  "textFont": "",
  "textSize": 20,
  "tipColor": -15724528,
  "tipFooterLeft": 1,
  "tipFooterMiddle": 0,
  "tipFooterRight": 6,
  "tipHeaderLeft": 0,
  "tipHeaderMiddle": 0,
  "tipHeaderRight": 0,
  "titleBottomSpacing": 0,
  "titleMode": 0,
  "titleSize": 4,
  "titleTopSpacing": 20
}