[
  {
    "autoUpdate": false,
    "customOrder": 1,
    "id": 1618657276869,
    "name": "lost",
    "type": 0,
    "update": 1618657276869,
    "url": "http://shuyuan.miaogongzi.net/shuyuan/1618456106.txt"
  },
  {
    "autoUpdate": false,
    "customOrder": 2,
    "id": 1618657356696,
    "name": "一只酷猫",
    "type": 0,
    "update": 1618657356696,
    "url": "http://shuyuan.miaogongzi.net/shuyuan/1618508830.json"
  },
  {
    "autoUpdate": false,
    "customOrder": 2,
    "id": 1618657476078,
    "name": "namofree",
    "type": 0,
    "update": 1618657476078,
    "url": "http://shuyuan.miaogongzi.net/shuyuan/1617406392.json"
  },
  {
    "autoUpdate": false,
    "customOrder": 2,
    "id": 1618657511988,
    "name": "wqjan",
    "type": 0,
    "update": 1618657511988,
    "url": "http://shuyuan.miaogongzi.net/shuyuan/1618390424.json"
  },
  {
    "autoUpdate": false,
    "customOrder": 2,
    "id": 1618657544575,
    "name": "不世玄奇",
    "type": 0,
    "update": 1618657544575,
    "url": "http://no-mystery.gitee.io/shuyuan/%E5%85%A8%E7%BD%91%E9%80%9A%E7%94%A8.json"
  },
  {
    "autoUpdate": false,
    "customOrder": 2,
    "id": 1618657649830,
    "name": "不世玄奇",
    "type": 0,
    "update": 1618657649830,
    "url": "http://no-mystery.gitee.io/shuyuan/%E7%B2%BE%E6%A0%A1%E4%B9%A6%E6%BA%90%E5%90%88%E9%9B%86.json"
  },
  {
    "autoUpdate": false,
    "customOrder": 2,
    "id": 1618657669594,
    "name": "天域战歌",
    "type": 0,
    "update": 1618657669594,
    "url": "http://shuyuan.miaogongzi.site/shuyuan/1615385692.txt"
  },
  {
    "autoUpdate": false,
    "customOrder": 2,
    "id": 1618657724534,
    "name": "乃星大佬",
    "type": 0,
    "update": 1618657724534,
    "url": "http://shuyuan.miaogongzi.site/shuyuan/1614660488.json"
  },
  {
    "autoUpdate": false,
    "customOrder": 2,
    "id": 1618657843598,
    "name": "耽美",
    "type": 0,
    "update": 1618657843598,
    "url": "http://shuyuan.miaogongzi.net/shuyuan/1618469969.txt"
  }
]