[{"author":"","coverUrl":"https://cdn-msp.msp-comic1.xyz/media/albums/208892_3x4.jpg?v=1618658081","introduce":"","kind":"シトラス,連載中,禁漫漢化組,中文,韓漫","lastChapter":"","name":"[禁漫漢化組] 好色勇者大人 [シトラス] ドスケベ勇者様！","noteUrl":"https://18comic.art/album/208892/","origin":"禁漫天堂🔞","searchPage":"https://18comic.art/albums?o=mv%E6%9C%80%E6%96%B0A%E6%BC%AB","tag":"https://18comic.bet","upTime":1618664706971},{"author":"","coverUrl":"http://517mh.kknno.com/atta/covers/2021022300/1614009746712208.jpg","introduce":"","kind":"","lastChapter":"张三疯","name":"戒魔人","noteUrl":"http://m.517mh.net/comic/11403/","origin":"517漫画📱💡","searchPage":"http://m.517mh.net/","tag":"http://m.517mh.net","upTime":1618661622868}]