[{"author":"とめきち","coverUrl":"https://res9.dumanhhua.com/images/cover/202104/1618029389KH70El6oqDXekG44.jpg","introduce":"","kind":"其他漫画","lastChapter":"第01话","name":"相逢转生","noteUrl":"https://m.dumanhhua.com/manhua/xiangfengzhuansheng/","origin":"独漫画📱","searchPage":"https://m.dumanhhua.com/search/?keywords=%E7%9B%B8%E9%80%A2%E8%BD%AC%E7%94%9F&page=1","tag":"https://m.dumanhhua.com","upTime":1619312735397},{"author":"","coverUrl":"http://s1.18p.fun/cover/20210112/94/E9428E7B434Bw300h420.jpeg","introduce":"","kind":"連載58章","lastChapter":"58章","name":"妹妹的義務","noteUrl":"http://18pfun.com/book/410","origin":"开车漫画💡💰","searchPage":"http://18pfun.com/library/?cid=1&pi=3","tag":"http://18pfun.com","upTime":1619081073422},{"author":"","coverUrl":"http://s1.18p.fun/cover/20200225/9F/9FE961759E28w150h222.jpeg","introduce":"","kind":"完結50章","lastChapter":"50章","name":"賣身契約","noteUrl":"http://18pfun.com/book/754","origin":"开车漫画💡💰","searchPage":"http://18pfun.com/library/?cid=1&pi=10","tag":"http://18pfun.com","upTime":1619080464497},{"author":"","coverUrl":"http://517mh.kknno.com/atta/covers/2021030808/1615161669184143.jpg","introduce":"","kind":"","lastChapter":"第13话","name":"爸爸是女孩子","noteUrl":"http://m.517mh.net/comic/35375/","origin":"517漫画📱💡","searchPage":"http://m.517mh.net/update.html","tag":"http://m.517mh.net","upTime":1619056020226},{"author":"","coverUrl":"http://517mh.kknno.com/atta/covers/2021021720/1613564839898250.jpg","introduce":"","kind":"","lastChapter":"第203话 那又关你什么事？","name":"修仙归来在校园","noteUrl":"http://m.517mh.net/comic/14810/","origin":"517漫画📱💡","searchPage":"http://m.517mh.net/rec.html","tag":"http://m.517mh.net","upTime":1618972250884},{"author":"","coverUrl":"http://inews.gtimg.com/newsapp_ls/0/13265196586/0","introduce":"","kind":"","lastChapter":"第1.2话","name":"无能最弱终至王座","noteUrl":"https://m.mhba123.com/wunengzuiruozhongzhiwangzuo/","origin":"倾城漫画📱","searchPage":"https://m.mhba123.com/index/index/search.html?searchget=1&show=title,author&keyboard=%E6%97%A0%E8%83%BD%E6%9C%80%E5%BC%B1%E7%BB%88%E8%87%B3%E7%8E%8B%E5%BA%A7&page=1","tag":"http://m.mhba123.com","upTime":1618970384915},{"author":"","coverUrl":"http://img.skrmn.com/upload2/37008/2019/12-15/20191215111921_7860mfpimdla_small.jpg","introduce":"","kind":"","lastChapter":"短篇","name":"永远和你在一起","noteUrl":"http://m.99wushu.com/mohuan/yongyuanhenizaiyiqi/","origin":"久久五叔漫画📱⛅","searchPage":"http://m.99wushu.com/statics/search.aspx?key=%E6%B0%B8%E8%BF%9C%E5%92%8C%E4%BD%A0%E5%9C%A8%E4%B8%80%E8%B5%B7&page=1","tag":"http://m.99wushu.com","upTime":1618933558687,"variable":"{\"CoverHeader\":\"{\\\"Referer\\\":\\\"http://m.99wushu.com\\\"}\"}"},{"author":"晓枣","coverUrl":"https://img.mhxin.com/images/cover/202002/1582879277C4-ynmYzfxVHYvid.jpg","introduce":"","kind":"少年漫画,热血","lastChapter":"8-15","name":"为美好的世界献上祝福","noteUrl":"https://m.mhxin.com/manhua/weimeihaodeshijiexianshangzhufu/","origin":"漫画芯📱🍙","searchPage":"https://m.mhxin.com/search/?keywords=%E4%B8%BA%E7%BE%8E%E5%A5%BD%E7%9A%84%E4%B8%96%E7%95%8C&page=1","tag":"https://m.mhxin.com","upTime":1618820155330},{"author":"","coverUrl":"http://img.skrmn.com/upload2/24967/2019/08-02/20190802171936_7109gtudttrr_small.jpg","introduce":"","kind":"","lastChapter":"全款已付，拎包入住","name":"咱门派是炼丹的","noteUrl":"http://m.99wushu.com/lanmu/zanmenpaishiliandande/","origin":"久久五叔漫画📱⛅","searchPage":"http://m.99wushu.com/statics/search.aspx?key=%E5%92%B1%E9%97%A8%E6%B4%BE%E6%98%AF%E7%82%BC%E4%B8%B9%E7%9A%84&page=1","tag":"http://m.99wushu.com","upTime":1618819615988,"variable":"{\"CoverHeader\":\"{\\\"Referer\\\":\\\"http://m.99wushu.com\\\"}\"}"},{"author":"","coverUrl":"http://517mh.kknno.com/atta/covers/2020022418/1582540148344778.jpg","introduce":"","kind":"","lastChapter":"不愧是你","name":"咱门派是炼丹的","noteUrl":"http://m.517mh.net/comic/15523/","origin":"517漫画📱💡","searchPage":"http://m.517mh.net/manhua/qita/","tag":"http://m.517mh.net","upTime":1618819566501},{"author":"动漫堂","coverUrl":"https://res8.wuxiamh.com/images/cover/202004/1586970181Qte8HOHY-YRIitK5.jpg","introduce":"","kind":",玄幻,爆笑,格斗","lastChapter":"522","name":"一人之下","noteUrl":"https://m.wuxiamh.com/manhua/yirenzhixia/","origin":"武侠漫画📱","searchPage":"https://m.wuxiamh.com/search/?keywords=%E4%B8%80%E4%BA%BA%E4%B9%8B%E4%B8%8B&page=1","tag":"https://m.wuxiamh.com","upTime":1618793729116}]