[
  {
    "bookName": "我在魔法世界开创互联网时代",
    "deviceId": "",
    "readTime": 359332
  },
  {
    "bookName": "长生界",
    "deviceId": "",
    "readTime": 31795
  },
  {
    "bookName": "道君",
    "deviceId": "",
    "readTime": 556630
  },
  {
    "bookName": "修真四万年",
    "deviceId": "",
    "readTime": 1279362
  },
  {
    "bookName": "这个人仙太过正经",
    "deviceId": "",
    "readTime": 360319
  },
  {
    "bookName": "大奉打更人",
    "deviceId": "",
    "readTime": 974
  },
  {
    "bookName": "星戒",
    "deviceId": "",
    "readTime": 9197912
  },
  {
    "bookName": "变态兄妹的调教日常（剧情H纯爱）",
    "deviceId": "",
    "readTime": 1735
  },
  {
    "bookName": "脑洞大开实验室之调制精奴",
    "deviceId": "",
    "readTime": 1898
  },
  {
    "bookName": "调教清纯老婆五年有感",
    "deviceId": "",
    "readTime": 14428
  },
  {
    "bookName": "人生改造计划",
    "deviceId": "",
    "readTime": 99468
  },
  {
    "bookName": "女奴改造",
    "deviceId": "",
    "readTime": 33873
  },
  {
    "bookName": "淫妇的奴隶马桶",
    "deviceId": "",
    "readTime": 127151
  },
  {
    "bookName": "工厂供电gb50052-95供配电系统设",
    "deviceId": "",
    "readTime": 10865
  },
  {
    "bookName": "脑髓工厂",
    "deviceId": "",
    "readTime": 13833
  },
  {
    "bookName": "性奴隶服务公司",
    "deviceId": "",
    "readTime": 67448
  },
  {
    "bookName": "战舰少女 和专属性奴舰娘列克星敦的日常",
    "deviceId": "",
    "readTime": 1644
  },
  {
    "bookName": "完蛋，我的系统被入侵了（异界性奴系统）",
    "deviceId": "",
    "readTime": 1148292
  },
  {
    "bookName": "寄生",
    "deviceId": "",
    "readTime": 4544831
  },
  {
    "bookName": "性奴训练学园",
    "deviceId": "",
    "readTime": 6683
  },
  {
    "bookName": "强奸系列合集",
    "deviceId": "",
    "readTime": 1023368
  },
  {
    "bookName": "催眠系小说",
    "deviceId": "",
    "readTime": 882445
  },
  {
    "bookName": "镇痛",
    "deviceId": "",
    "readTime": 7672
  },
  {
    "bookName": "便器林小薇的淫秽人生",
    "deviceId": "",
    "readTime": 49510
  },
  {
    "bookName": "变态父女",
    "deviceId": "",
    "readTime": 149460
  },
  {
    "bookName": "诸天奸淫系统",
    "deviceId": "",
    "readTime": 32624
  },
  {
    "bookName": "催眠调教",
    "deviceId": "",
    "readTime": 95442
  },
  {
    "bookName": "我在盘丝洞养蜘蛛",
    "deviceId": "",
    "readTime": 32887167
  }
]