[
  {
    "lastUseTime": 1620615308634,
    "usage": 5,
    "word": "我的"
  },
  {
    "lastUseTime": 1620628849017,
    "usage": 5,
    "word": "系统"
  },
  {
    "lastUseTime": 1620637833498,
    "usage": 1,
    "word": "星戒"
  },
  {
    "lastUseTime": 1620836773536,
    "usage": 3,
    "word": "催眠调教"
  },
  {
    "lastUseTime": 1620836838413,
    "usage": 1,
    "word": "改造"
  },
  {
    "lastUseTime": 1620837109909,
    "usage": 1,
    "word": "奴隶改造"
  },
  {
    "lastUseTime": 1620837147230,
    "usage": 5,
    "word": "女奴改造"
  },
  {
    "lastUseTime": 1620837268258,
    "usage": 1,
    "word": "奴隶工厂"
  },
  {
    "lastUseTime": 1620837935019,
    "usage": 2,
    "word": "性奴玩具"
  },
  {
    "lastUseTime": 1620837971445,
    "usage": 1,
    "word": "性奴"
  }
]