[
  {
    "bookName": "我师兄实在太稳健了",
    "deviceId": "",
    "readTime": 197
  },
  {
    "bookName": "杀神",
    "deviceId": "",
    "readTime": 17728
  },
  {
    "bookName": "帝霸",
    "deviceId": "",
    "readTime": 2553
  },
  {
    "bookName": "灵域",
    "deviceId": "",
    "readTime": 43292
  },
  {
    "bookName": "混沌雷修",
    "deviceId": "",
    "readTime": 25545
  },
  {
    "bookName": "空速星痕",
    "deviceId": "",
    "readTime": 2227
  },
  {
    "bookName": "武动乾坤",
    "deviceId": "",
    "readTime": 1924
  },
  {
    "bookName": "异世魔尊",
    "deviceId": "",
    "readTime": 12027
  },
  {
    "bookName": "修真聊天群",
    "deviceId": "",
    "readTime": 38824
  },
  {
    "bookName": "飘渺之旅",
    "deviceId": "",
    "readTime": 28455
  },
  {
    "bookName": "飘淼之旅",
    "deviceId": "",
    "readTime": 82169
  },
  {
    "bookName": "龙族",
    "deviceId": "",
    "readTime": 1435
  },
  {
    "bookName": "武炼巅峰",
    "deviceId": "",
    "readTime": 12791
  },
  {
    "bookName": "星际海盗",
    "deviceId": "",
    "readTime": 8686
  },
  {
    "bookName": "凡人修神传",
    "deviceId": "",
    "readTime": 7104
  },
  {
    "bookName": "凡人修仙传",
    "deviceId": "",
    "readTime": 2558
  },
  {
    "bookName": "帝道至尊",
    "deviceId": "",
    "readTime": 12549
  },
  {
    "bookName": "刀剑神皇",
    "deviceId": "",
    "readTime": 10083
  },
  {
    "bookName": "斗破苍穹",
    "deviceId": "",
    "readTime": 7163
  },
  {
    "bookName": "清穿之团宠表妹",
    "deviceId": "",
    "readTime": 4609
  },
  {
    "bookName": "长生界",
    "deviceId": "",
    "readTime": 9863
  },
  {
    "bookName": "仙逆",
    "deviceId": "",
    "readTime": 25135
  },
  {
    "bookName": "莽荒纪",
    "deviceId": "",
    "readTime": 1713
  },
  {
    "bookName": "修真界败类",
    "deviceId": "",
    "readTime": 14235
  },
  {
    "bookName": "完美世界",
    "deviceId": "",
    "readTime": 21685
  },
  {
    "bookName": "元尊",
    "deviceId": "",
    "readTime": 51654
  },
  {
    "bookName": "异世邪君",
    "deviceId": "",
    "readTime": 14608
  },
  {
    "bookName": "沧元图",
    "deviceId": "",
    "readTime": 34236
  },
  {
    "bookName": "夜的命名术",
    "deviceId": "",
    "readTime": 85024
  },
  {
    "bookName": "轮回乐园",
    "deviceId": "",
    "readTime": 19131060
  },
  {
    "bookName": "我的细胞监狱",
    "deviceId": "",
    "readTime": 12576792
  },
  {
    "bookName": "我在魔法世界开创互联网时代",
    "deviceId": "",
    "readTime": 35014883
  },
  {
    "bookName": "烂柯棋缘",
    "deviceId": "",
    "readTime": 253417
  },
  {
    "bookName": "伏天氏",
    "deviceId": "",
    "readTime": 94491
  },
  {
    "bookName": "神鬼剑士",
    "deviceId": "",
    "readTime": 707425
  },
  {
    "bookName": "大奉打更人",
    "deviceId": "",
    "readTime": 2497646
  }
]