[
  {
    "group": "",
    "id": 1618980234281,
    "isEnabled": true,
    "isRegex": false,
    "name": "失败，点击手动加载，不支持阅读模式！\n　　禁止转码、禁止阅读模式，下面内容隐藏，请退出阅读模式！",
    "order": 1,
    "pattern": "失败，点击手动加载，不支持阅读模式！\n　　禁止转码、禁止阅读模式，下面内容隐藏，请退出阅读模式！",
    "replacement": "   ",
    "scope": "轮回乐园;https://m.zhaishuyuan.com"
  },
  {
    "group": "",
    "id": 1619056218515,
    "isEnabled": true,
    "isRegex": true,
    "name": "喰",
    "order": 2,
    "pattern": "喰",
    "replacement": "食",
    "scope": "轮回乐园;https://m.zhaishuyuan.com"
  },
  {
    "group": "",
    "id": 1619056257044,
    "isEnabled": true,
    "isRegex": true,
    "name": "喰",
    "order": 3,
    "pattern": "喰",
    "replacement": "食",
    "scope": "轮回乐园;https://m.zhaishuyuan.com"
  }
]