[
  {
    "lastUseTime": 1618449143202,
    "usage": 8,
    "word": "我的细胞监狱"
  },
  {
    "lastUseTime": 1618450697322,
    "usage": 2,
    "word": "大奉打更人"
  },
  {
    "lastUseTime": 1618466203685,
    "usage": 2,
    "word": "烂柯棋缘"
  },
  {
    "lastUseTime": 1618466683633,
    "usage": 2,
    "word": "从零开始的异世界"
  },
  {
    "lastUseTime": 1618492774261,
    "usage": 1,
    "word": "六"
  },
  {
    "lastUseTime": 1618554174292,
    "usage": 2,
    "word": "我的师兄太稳健"
  },
  {
    "lastUseTime": 1618554208678,
    "usage": 1,
    "word": "我的师兄太"
  },
  {
    "lastUseTime": 1618554212259,
    "usage": 1,
    "word": "我的师兄"
  },
  {
    "lastUseTime": 1618649798486,
    "usage": 3,
    "word": "伏天氏"
  },
  {
    "lastUseTime": 1618650186450,
    "usage": 2,
    "word": "杀神"
  },
  {
    "lastUseTime": 1618650234701,
    "usage": 1,
    "word": "全职法师"
  },
  {
    "lastUseTime": 1618677691903,
    "usage": 1,
    "word": "混沌雷修"
  },
  {
    "lastUseTime": 1618677780331,
    "usage": 1,
    "word": "召唤美女军团"
  },
  {
    "lastUseTime": 1618677908282,
    "usage": 1,
    "word": "灵域"
  },
  {
    "lastUseTime": 1618678024466,
    "usage": 1,
    "word": "帝霸"
  },
  {
    "lastUseTime": 1618678178549,
    "usage": 1,
    "word": "空速星痕"
  },
  {
    "lastUseTime": 1618678244324,
    "usage": 2,
    "word": "重生之异世"
  },
  {
    "lastUseTime": 1618678280212,
    "usage": 2,
    "word": "重生之异世魔尊"
  },
  {
    "lastUseTime": 1618678305955,
    "usage": 5,
    "word": "异世魔尊"
  },
  {
    "lastUseTime": 1618678426454,
    "usage": 1,
    "word": "天蚕土豆"
  },
  {
    "lastUseTime": 1618678693132,
    "usage": 1,
    "word": "修真聊天群"
  },
  {
    "lastUseTime": 1618678802066,
    "usage": 1,
    "word": "飘渺之旅"
  },
  {
    "lastUseTime": 1618678958992,
    "usage": 1,
    "word": "飘淼之旅"
  },
  {
    "lastUseTime": 1618679228416,
    "usage": 1,
    "word": "异世邪君"
  },
  {
    "lastUseTime": 1618679274887,
    "usage": 1,
    "word": "跃千愁"
  },
  {
    "lastUseTime": 1618679346006,
    "usage": 2,
    "word": "我吃西红柿"
  },
  {
    "lastUseTime": 1618679438842,
    "usage": 1,
    "word": "斗罗大陆"
  },
  {
    "lastUseTime": 1618679461698,
    "usage": 1,
    "word": "遮天"
  },
  {
    "lastUseTime": 1618679494003,
    "usage": 1,
    "word": "耳根"
  },
  {
    "lastUseTime": 1618679586356,
    "usage": 2,
    "word": "辰东"
  },
  {
    "lastUseTime": 1618679746523,
    "usage": 2,
    "word": "地下城"
  },
  {
    "lastUseTime": 1618679865360,
    "usage": 1,
    "word": "龙族"
  },
  {
    "lastUseTime": 1618680026290,
    "usage": 1,
    "word": "神鬼剑士"
  },
  {
    "lastUseTime": 1618680155499,
    "usage": 1,
    "word": "史上最强练气期"
  },
  {
    "lastUseTime": 1618680225286,
    "usage": 1,
    "word": "武炼巅峰"
  },
  {
    "lastUseTime": 1618680401744,
    "usage": 1,
    "word": "很纯很暧昧"
  },
  {
    "lastUseTime": 1618680870464,
    "usage": 3,
    "word": "星际"
  },
  {
    "lastUseTime": 1618680896024,
    "usage": 2,
    "word": "星际海盗"
  },
  {
    "lastUseTime": 1618681217661,
    "usage": 1,
    "word": "星际之"
  },
  {
    "lastUseTime": 1618681289776,
    "usage": 1,
    "word": "星际之战舰"
  },
  {
    "lastUseTime": 1618681533517,
    "usage": 1,
    "word": "凡人修仙"
  },
  {
    "lastUseTime": 1618681552572,
    "usage": 2,
    "word": "凡人修仙转"
  },
  {
    "lastUseTime": 1618681641343,
    "usage": 1,
    "word": "凡人修仙传"
  },
  {
    "lastUseTime": 1618681991890,
    "usage": 1,
    "word": "帝道至尊"
  },
  {
    "lastUseTime": 1618682043194,
    "usage": 1,
    "word": "刀剑神域"
  },
  {
    "lastUseTime": 1618682075974,
    "usage": 1,
    "word": "刀剑神皇"
  },
  {
    "lastUseTime": 1619053641259,
    "usage": 1,
    "word": "夜的命名"
  },
  {
    "lastUseTime": 1619053674897,
    "usage": 2,
    "word": "夜的命名术"
  },
  {
    "lastUseTime": 1619197808355,
    "usage": 2,
    "word": "催眠"
  }
]